country_code,country_name,intervention,score_stringency_idx,score_conf_cases,score_intv_effects,score_final
AFG,Afghanistan,C8_International travel controls,0.8445006321112516,1.0,NA,0.9222503160556258
AFG,Afghanistan,C7_Restrictions on internal movement,1.0,0.15431256631802334,NA,0.5771562831590117
AFG,Afghanistan,C4_Restrictions on gatherings,0.9810366624525917,0.12793694103380324,NA,0.5544868017431974
AFG,Afghanistan,C1_School closing,0.854614412136536,0.06336213430347128,NA,0.45898827322000363
AFG,Afghanistan,C5_Close public transport,0.7484197218710493,0.10626042140366833,NA,0.4273400716373588
AFG,Afghanistan,C2_Workplace closing,0.706700379266751,0.09731696225557071,NA,0.40200867076116087
AFG,Afghanistan,C3_Cancel public events,0.7345132743362832,0.01273306048203729,NA,0.37362316740916024
AFG,Afghanistan,C6_Stay at home requirements,0.5752212389380531,0.06290738214339851,NA,0.3190643105407258
AFG,Afghanistan,H1_Public information campaigns,0.0,0.0,NA,0.0
DZA,Algeria,C2_Workplace closing,0.9823922282938676,1.0,NA,0.9911961141469339
DZA,Algeria,C4_Restrictions on gatherings,0.914996964177292,0.9907768712309329,NA,0.9528869177041125
DZA,Algeria,C7_Restrictions on internal movement,0.9751062537947783,0.43064916637105355,NA,0.702877710082916
DZA,Algeria,C8_International travel controls,1.0,0.3221000354735722,NA,0.6610500177367861
DZA,Algeria,H1_Public information campaigns,0.8609593199757134,0.27314650585313943,NA,0.5670529129144264
DZA,Algeria,C5_Close public transport,0.4820886460230723,0.5881518268889677,NA,0.53512023645602
DZA,Algeria,E1_Income support,0.3035822707953855,0.5902802412202909,NA,0.44693125600783823
DZA,Algeria,C1_School closing,0.4195506982392228,0.1610500177367861,NA,0.29030035798800446
DZA,Algeria,C3_Cancel public events,0.47540983606557374,0.012061014544164597,NA,0.24373542530486916
DZA,Algeria,H2_Testing policy,0.11596842744383729,0.18091521816246897,NA,0.14844182280315313
DZA,Algeria,H3_Contact tracing,0.0,0.27066335579992906,NA,0.13533167789996453
DZA,Algeria,C6_Stay at home requirements,0.18639951426836673,0.0,NA,0.09319975713418337
ARG,Argentina,C2_Workplace closing,1.0,1.0,NA,1.0
ARG,Argentina,C7_Restrictions on internal movement,0.9159553512803676,0.2655070561207745,NA,0.5907312037005711
ARG,Argentina,C6_Stay at home requirements,0.6592252133946159,0.12241549064653758,NA,0.39082035202057674
ARG,Argentina,C5_Close public transport,0.5121470781352594,0.23629799803085003,NA,0.3742225380830547
ARG,Argentina,H1_Public information campaigns,0.5837163493105713,0.035116508040695764,NA,0.3094164286756335
ARG,Argentina,C1_School closing,0.46224556795797767,0.12143091565474237,NA,0.29183824180636003
ARG,Argentina,C3_Cancel public events,0.4983585029546947,0.07548408270429931,NA,0.286921292829497
ARG,Argentina,C8_International travel controls,0.22586999343401182,0.024286183130948474,NA,0.12507808828248015
ARG,Argentina,H2_Testing policy,0.07288246881155613,0.10961601575319987,NA,0.091249242282378
ARG,Argentina,E1_Income support,0.10636900853578464,0.010502133245815556,NA,0.0584355708908001
ARG,Argentina,C4_Restrictions on gatherings,0.09455022980958634,0.01608139153265507,NA,0.05531581067112071
ARG,Argentina,H3_Contact tracing,0.0,0.0,NA,0.0
AUS,Australia,C1_School closing,1.0,1.0,NA,1.0
AUS,Australia,C2_Workplace closing,0.8565621370499419,0.3752854264607119,NA,0.6159237817553269
AUS,Australia,C4_Restrictions on gatherings,0.6341463414634146,0.35809267965077235,NA,0.49611951055709347
AUS,Australia,C6_Stay at home requirements,0.804006968641115,0.18226997985224982,NA,0.4931384742466824
AUS,Australia,C3_Cancel public events,0.8011033681765389,0.06447280053727333,NA,0.43278808435690613
AUS,Australia,C5_Close public transport,0.5078397212543554,0.1854936198791135,NA,0.34666667056673445
AUS,Australia,C8_International travel controls,0.42392566782810687,0.06903962390866353,NA,0.2464826458683852
AUS,Australia,C7_Restrictions on internal movement,0.21225319396051104,0.0,NA,0.10612659698025552
AUS,Australia,H3_Contact tracing,0.15824622531939606,0.025251846877098725,NA,0.09174903609824739
AUS,Australia,H2_Testing policy,0.13908246225319396,0.032505036937541976,NA,0.08579374959536797
AUS,Australia,E1_Income support,0.0,0.03183344526527871,NA,0.015916722632639355
AUT,Austria,C2_Workplace closing,1.0,1.0,NA,1.0
AUT,Austria,C1_School closing,0.994991652754591,0.9756767359748921,NA,0.9853341943647416
AUT,Austria,C7_Restrictions on internal movement,0.5789649415692821,0.1592781482934484,NA,0.3691215449313653
AUT,Austria,C3_Cancel public events,0.43472454090150253,0.29070223617104746,NA,0.362713388536275
AUT,Austria,C8_International travel controls,0.45609348914858094,0.19693997646135739,NA,0.3265167328049692
AUT,Austria,H2_Testing policy,0.041736227045075125,0.5912122400941545,NA,0.3164742335696148
AUT,Austria,C4_Restrictions on gatherings,0.3696160267111853,0.2102785406041585,NA,0.2899472836576719
AUT,Austria,H3_Contact tracing,0.01335559265442404,0.5221655551196548,NA,0.2677605738870394
AUT,Austria,C5_Close public transport,0.43806343906510853,0.021969399764613574,NA,0.23001641941486106
AUT,Austria,C6_Stay at home requirements,0.2621035058430718,0.0,NA,0.1310517529215359
AUT,Austria,E1_Income support,0.0,0.2157708905453119,NA,0.10788544527265595
AZE,Azerbaijan,C2_Workplace closing,0.9051771117166213,1.0,NA,0.9525885558583107
AZE,Azerbaijan,C5_Close public transport,1.0,0.4370517928286853,NA,0.7185258964143426
AZE,Azerbaijan,C6_Stay at home requirements,0.8005449591280654,0.6059760956175299,NA,0.7032605273727977
AZE,Azerbaijan,C7_Restrictions on internal movement,0.7574931880108992,0.21792828685258964,NA,0.4877107374317444
AZE,Azerbaijan,C3_Cancel public events,0.7373297002724796,0.09820717131474103,NA,0.4177684357936103
AZE,Azerbaijan,C8_International travel controls,0.49264305177111717,0.10398406374501992,NA,0.29831355775806856
AZE,Azerbaijan,C1_School closing,0.3231607629427793,0.024302788844621514,NA,0.1737317758937004
AZE,Azerbaijan,E1_Income support,0.0,0.14282868525896414,NA,0.07141434262948207
AZE,Azerbaijan,C4_Restrictions on gatherings,0.009809264305177113,0.009163346613545816,NA,0.009486305459361464
AZE,Azerbaijan,H2_Testing policy,0.005994550408719346,0.0,NA,0.002997275204359673
BHR,Bahrain,C2_Workplace closing,1.0,0.5639650377433453,NA,0.7819825188716727
BHR,Bahrain,C5_Close public transport,0.48365742656185357,1.0,NA,0.7418287132809268
BHR,Bahrain,C4_Restrictions on gatherings,0.40752999586263966,0.09674215335717123,NA,0.25213607460990545
BHR,Bahrain,C1_School closing,0.30119983450558546,0.08343265792610251,NA,0.19231624621584398
BHR,Bahrain,E1_Income support,0.17707902358295408,0.1471990464839094,NA,0.16213903503343174
BHR,Bahrain,H2_Testing policy,0.12867190732312783,0.06734207389749702,NA,0.09800699061031243
BHR,Bahrain,C3_Cancel public events,0.08274720728175423,0.07032181168057211,NA,0.07653450948116317
BHR,Bahrain,C6_Stay at home requirements,0.0,0.0,NA,0.0
BGD,Bangladesh,C2_Workplace closing,1.0,1.0,NA,1.0
BGD,Bangladesh,C6_Stay at home requirements,0.6923076923076923,0.41098286114025884,NA,0.5516452767239756
BGD,Bangladesh,C8_International travel controls,0.7661843107387661,0.23959426372857642,NA,0.5028892872336713
BGD,Bangladesh,C5_Close public transport,0.38537699923838536,0.4665967121371109,NA,0.42598685568774813
BGD,Bangladesh,C4_Restrictions on gatherings,0.34843869002284844,0.3994403637635537,NA,0.3739395268932011
BGD,Bangladesh,E1_Income support,0.2364813404417365,0.4333683105981112,NA,0.33492482551992386
BGD,Bangladesh,H1_Public information campaigns,0.6123381568926123,0.007345225603357817,NA,0.30984169124798505
BGD,Bangladesh,C3_Cancel public events,0.40403655750190404,0.1888772298006296,NA,0.2964568936512668
BGD,Bangladesh,C1_School closing,0.2753236862147753,0.14760405736271423,NA,0.21146387178874476
BGD,Bangladesh,H3_Contact tracing,0.10015232292460015,0.0,NA,0.050076161462300074
BGD,Bangladesh,H2_Testing policy,0.03198781416603199,0.013641133263378805,NA,0.022814473714705397
BGD,Bangladesh,C7_Restrictions on internal movement,0.0,0.005596362364463099,NA,0.0027981811822315496
BLR,Belarus,C1_School closing,0.6348039215686274,1.0,NA,0.8174019607843137
BLR,Belarus,C8_International travel controls,1.0,0.38602123981229935,NA,0.6930106199061496
BLR,Belarus,H1_Public information campaigns,0.28921568627450983,0.13830575450728574,NA,0.21376072039089777
BLR,Belarus,H3_Contact tracing,0.11213235294117647,0.12002963694739442,NA,0.11608099494428545
BLR,Belarus,H2_Testing policy,0.0,0.0,NA,0.0
BEL,Belgium,C1_School closing,0.921320831634733,1.0,NA,0.9606604158173665
BEL,Belgium,C8_International travel controls,1.0,0.5537609598523304,NA,0.7768804799261653
BEL,Belgium,C2_Workplace closing,0.814512841418671,0.36917397323488693,NA,0.591843407326779
BEL,Belgium,C4_Restrictions on gatherings,0.34488381573583365,0.30572219658514077,NA,0.32530300616048724
BEL,Belgium,C7_Restrictions on internal movement,0.30085609457806767,0.11952007383479464,NA,0.21018808420643115
BEL,Belgium,H3_Contact tracing,0.2755809213208316,0.1389017074296262,NA,0.2072413143752289
BEL,Belgium,C3_Cancel public events,0.31186302486750916,0.0,NA,0.15593151243375458
BEL,Belgium,C6_Stay at home requirements,0.23562984101100692,0.030456852791878174,NA,0.13304334690144254
BEL,Belgium,H2_Testing policy,0.05829596412556054,0.15066912782648822,NA,0.10448254597602438
BEL,Belgium,E1_Income support,0.0,0.04083987078910937,NA,0.020419935394554684
BOL,Bolivia,C2_Workplace closing,1.0,1.0,NA,1.0
BOL,Bolivia,C6_Stay at home requirements,0.36488169364881695,0.5326732673267327,NA,0.4487774804877748
BOL,Bolivia,C8_International travel controls,0.5379825653798257,0.3577557755775578,NA,0.44786917047869174
BOL,Bolivia,H2_Testing policy,0.307181403071814,0.4198019801980198,NA,0.3634916916349169
BOL,Bolivia,C1_School closing,0.23495226234952263,0.4,NA,0.3174761311747613
BOL,Bolivia,C5_Close public transport,0.25197177251971775,0.1504950495049505,NA,0.2012334110123341
BOL,Bolivia,C7_Restrictions on internal movement,0.2648401826484018,0.08976897689768977,NA,0.17730457977304578
BOL,Bolivia,H1_Public information campaigns,0.30053964300539643,0.0,NA,0.15026982150269821
BOL,Bolivia,C4_Restrictions on gatherings,0.22955583229555832,0.05742574257425743,NA,0.14349078743490787
BOL,Bolivia,C3_Cancel public events,0.013283520132835201,0.04950495049504951,NA,0.03139423531394235
BOL,Bolivia,E1_Income support,0.0,0.06006600660066007,NA,0.030033003300330034
BIH,Bosnia and Herzegovina,C2_Workplace closing,1.0,1.0,NA,1.0
BIH,Bosnia and Herzegovina,C4_Restrictions on gatherings,0.8723849372384938,0.7575860893283327,NA,0.8149855132834132
BIH,Bosnia and Herzegovina,C6_Stay at home requirements,0.6436541143654114,0.3119672690078418,NA,0.4778106916866266
BIH,Bosnia and Herzegovina,C8_International travel controls,0.35599721059972106,0.237981588816911,NA,0.29698939970831606
BIH,Bosnia and Herzegovina,C7_Restrictions on internal movement,0.23605299860529985,0.319127173542448,NA,0.2775900860738739
BIH,Bosnia and Herzegovina,C5_Close public transport,0.3277545327754533,0.08898738493010569,NA,0.2083709588527795
BIH,Bosnia and Herzegovina,C3_Cancel public events,0.2405857740585774,0.11455847255369929,NA,0.17757212330613834
BIH,Bosnia and Herzegovina,C1_School closing,0.2580195258019526,0.0896692806000682,NA,0.17384440320101038
BIH,Bosnia and Herzegovina,H1_Public information campaigns,0.2695258019525802,0.047391749062393455,NA,0.15845877550748683
BIH,Bosnia and Herzegovina,E1_Income support,0.00801952580195258,0.041936583702693486,NA,0.024978054752323033
BIH,Bosnia and Herzegovina,H2_Testing policy,0.0,0.0,NA,0.0
BRA,Brazil,C2_Workplace closing,0.8593572778827977,1.0,NA,0.9296786389413989
BRA,Brazil,C4_Restrictions on gatherings,1.0,0.25513196480938416,NA,0.6275659824046921
BRA,Brazil,C8_International travel controls,0.5534971644612476,0.6401985111662531,NA,0.5968478378137504
BRA,Brazil,C5_Close public transport,0.5398865784499055,0.24430408301376044,NA,0.392095330731833
BRA,Brazil,C6_Stay at home requirements,0.4109640831758034,0.24430408301376044,NA,0.3276340830947819
BRA,Brazil,H2_Testing policy,0.05217391304347826,0.30250394766523797,NA,0.1773389303543581
BRA,Brazil,C1_School closing,0.25217391304347825,0.021881344461989624,NA,0.13702762875273394
BRA,Brazil,H1_Public information campaigns,0.22495274102079396,0.00022558087074216106,NA,0.11258916094576805
BRA,Brazil,E1_Income support,0.0,0.18632979923302503,NA,0.09316489961651252
BRA,Brazil,C7_Restrictions on internal movement,0.01890359168241966,0.004737198285585382,NA,0.011820394984002522
BRA,Brazil,C3_Cancel public events,0.021928166351606805,0.0,NA,0.010964083175803403
BGR,Bulgaria,C3_Cancel public events,0.8037676609105181,0.8510959939531368,NA,0.8274318274318275
BGR,Bulgaria,C1_School closing,0.8963893249607535,0.6436130007558579,NA,0.7700011628583057
BGR,Bulgaria,C4_Restrictions on gatherings,0.46781789638932497,1.0,NA,0.7339089481946625
BGR,Bulgaria,C6_Stay at home requirements,0.8414442700156985,0.4958427815570673,NA,0.668643525786383
BGR,Bulgaria,C8_International travel controls,1.0,0.32275132275132273,NA,0.6613756613756614
BGR,Bulgaria,H1_Public information campaigns,0.5777080062794349,0.0,NA,0.28885400313971743
BGR,Bulgaria,E1_Income support,0.21232339089481947,0.23053665910808768,NA,0.2214300250014536
BGR,Bulgaria,C7_Restrictions on internal movement,0.2770800627943485,0.12962962962962962,NA,0.20335484621198907
BGR,Bulgaria,C2_Workplace closing,0.18092621664050235,0.20143613000755858,NA,0.19118117332403045
BGR,Bulgaria,H3_Contact tracing,0.061224489795918366,0.19916855631141345,NA,0.1301965230536659
BGR,Bulgaria,H2_Testing policy,0.0,0.060090702947845805,NA,0.030045351473922902
CMR,Cameroon,C1_School closing,0.8665925514174542,1.0,NA,0.9332962757087271
CMR,Cameroon,C8_International travel controls,1.0,0.4032027452101802,NA,0.70160137260509
CMR,Cameroon,C2_Workplace closing,0.5169538632573653,0.4183585930797827,NA,0.467656228168574
CMR,Cameroon,H1_Public information campaigns,0.5214007782101168,0.3348584501000858,NA,0.4281296141551013
CMR,Cameroon,H2_Testing policy,0.1839911061700945,0.14555333142693738,NA,0.16477221879851595
CMR,Cameroon,E1_Income support,0.11561978877153975,0.164426651415499,NA,0.14002322009351936
CMR,Cameroon,H3_Contact tracing,0.11339633129516398,0.05318844724049185,NA,0.08329238926782792
CMR,Cameroon,C3_Cancel public events,0.10116731517509728,0.00829282241921647,NA,0.054730068797156875
CMR,Cameroon,C4_Restrictions on gatherings,0.018899388549193995,0.0,NA,0.009449694274596998
CMR,Cameroon,C5_Close public transport,0.0,0.0,NA,0.0
CAN,Canada,C2_Workplace closing,1.0,1.0,NA,1.0
CAN,Canada,C4_Restrictions on gatherings,0.5195046439628483,0.2906350914962325,NA,0.40506986772954046
CAN,Canada,H3_Contact tracing,0.39195046439628484,0.35055615357014713,NA,0.37125330898321596
CAN,Canada,C7_Restrictions on internal movement,0.46687306501547987,0.2113383566559024,NA,0.33910571083569113
CAN,Canada,C3_Cancel public events,0.46563467492260063,0.19124506637961966,NA,0.32843987065111013
CAN,Canada,C6_Stay at home requirements,0.4148606811145511,0.20344456404736275,NA,0.30915262258095694
CAN,Canada,C1_School closing,0.378328173374613,0.22138500179404377,NA,0.29985658758432837
CAN,Canada,H1_Public information campaigns,0.40495356037151703,0.18191603875134554,NA,0.29343479956143126
CAN,Canada,H2_Testing policy,0.05325077399380805,0.32292787944025836,NA,0.1880893267170332
CAN,Canada,E1_Income support,0.0,0.14639397201291712,NA,0.07319698600645856
CAN,Canada,C8_International travel controls,0.0173374613003096,0.0,NA,0.0086687306501548
CHL,Chile,E1_Income support,0.4965580541532813,1.0,NA,0.7482790270766406
CHL,Chile,C2_Workplace closing,1.0,0.42644927536231886,NA,0.7132246376811594
CHL,Chile,C8_International travel controls,0.7205139972464433,0.4355072463768116,NA,0.5780106218116274
CHL,Chile,C5_Close public transport,0.4346030289123451,0.6210144927536232,NA,0.5278087608329841
CHL,Chile,C4_Restrictions on gatherings,0.4309316200091785,0.40543478260869564,NA,0.41818320130893705
CHL,Chile,C1_School closing,0.33088572739788896,0.08478260869565217,NA,0.20783416804677057
CHL,Chile,H1_Public information campaigns,0.3230839834786599,0.08188405797101449,NA,0.2024840207248372
CHL,Chile,H3_Contact tracing,0.07618173474070675,0.1826086956521739,NA,0.12939521519644032
CHL,Chile,H2_Testing policy,0.0004589261128958238,0.21340579710144927,NA,0.10693236160717255
CHL,Chile,C6_Stay at home requirements,0.0945387792565397,0.06847826086956521,NA,0.08150852006305245
CHL,Chile,C3_Cancel public events,0.053694355208811384,0.006159420289855073,NA,0.029926887749333227
CHL,Chile,C7_Restrictions on internal movement,0.0,0.0,NA,0.0
CHN,China,C6_Stay at home requirements,1.0,1.0,NA,1.0
CHN,China,C8_International travel controls,0.8189429618001046,0.6273138626079803,NA,0.7231284122040424
CHN,China,C1_School closing,0.7566718995290423,0.5886466474701769,NA,0.6726592734996096
CHN,China,H2_Testing policy,0.3574045002616431,0.7840394899218429,NA,0.570721995091743
CHN,China,C2_Workplace closing,0.6164311878597593,0.4804607157548334,NA,0.5484459518072964
CHN,China,H1_Public information campaigns,0.6609105180533752,0.2044426162073221,NA,0.43267656713034863
CHN,China,C5_Close public transport,0.4437467294610152,0.29823118058412174,NA,0.37098895502256846
CHN,China,E1_Income support,0.1250654107796965,0.28259975318798847,NA,0.20383258198384246
CHN,China,C3_Cancel public events,0.2794348508634223,0.10571781160016454,NA,0.1925763312317934
CHN,China,H3_Contact tracing,0.061224489795918366,0.013574660633484163,NA,0.03739957521470126
CHN,China,C7_Restrictions on internal movement,0.026164311878597593,0.0,NA,0.013082155939298797
CHN,China,C4_Restrictions on gatherings,0.0,0.006993006993006993,NA,0.0034965034965034965
COL,Colombia,C2_Workplace closing,1.0,1.0,NA,1.0
COL,Colombia,C4_Restrictions on gatherings,0.8115144847818115,0.40038684719535783,NA,0.6059506659885847
COL,Colombia,C1_School closing,0.3006967363403007,0.15667311411992263,NA,0.22868492523011166
COL,Colombia,C8_International travel controls,0.28016134946828014,0.13346228239845262,NA,0.2068118159333664
COL,Colombia,C3_Cancel public events,0.27722772277227725,0.13423597678916827,NA,0.20573184978072276
COL,Colombia,H1_Public information campaigns,0.34176751008434175,0.02553191489361702,NA,0.18364971248897938
COL,Colombia,E1_Income support,0.07224055738907224,0.18220502901353966,NA,0.12722279320130594
COL,Colombia,H3_Contact tracing,0.009534286762009535,0.22127659574468084,NA,0.11540544125334519
COL,Colombia,H2_Testing policy,0.12174550788412175,0.005802707930367505,NA,0.06377410790724462
COL,Colombia,C5_Close public transport,0.07664099743307665,0.03404255319148936,NA,0.055341775312283
COL,Colombia,C6_Stay at home requirements,0.016134946828016136,0.0038684719535783366,NA,0.010001709390797236
COL,Colombia,C7_Restrictions on internal movement,0.0,0.0,NA,0.0
CRI,Costa Rica,C2_Workplace closing,1.0,1.0,NA,1.0
CRI,Costa Rica,C4_Restrictions on gatherings,0.9431111111111111,0.5849802371541502,NA,0.7640456741326307
CRI,Costa Rica,C1_School closing,0.6044444444444445,0.357487922705314,NA,0.4809661835748792
CRI,Costa Rica,C5_Close public transport,0.5044444444444445,0.1800614844093105,NA,0.34225296442687747
CRI,Costa Rica,C6_Stay at home requirements,0.36444444444444446,0.11989459815546773,NA,0.2421695212999561
CRI,Costa Rica,H1_Public information campaigns,0.3377777777777778,0.0,NA,0.1688888888888889
CRI,Costa Rica,E1_Income support,0.2906666666666667,0.039964866051822576,NA,0.16531576635924464
CRI,Costa Rica,H3_Contact tracing,0.034666666666666665,0.2889767237593325,NA,0.16182169521299958
CRI,Costa Rica,C8_International travel controls,0.03822222222222222,0.13306982872200263,NA,0.08564602547211242
CRI,Costa Rica,C3_Cancel public events,0.020888888888888887,0.031181379007465964,NA,0.026035133948177427
CRI,Costa Rica,H2_Testing policy,0.0,0.029863855950812472,NA,0.014931927975406236
CRI,Costa Rica,C7_Restrictions on internal movement,0.0017777777777777779,0.018006148440931048,NA,0.009891963109354413
CIV,Cote d'Ivoire,C1_School closing,1.0,1.0,NA,1.0
CIV,Cote d'Ivoire,C8_International travel controls,0.7488151658767772,0.46087704213241615,NA,0.6048461040045967
CIV,Cote d'Ivoire,C4_Restrictions on gatherings,0.44112285818446956,0.6471768415018629,NA,0.5441498498431663
CIV,Cote d'Ivoire,C5_Close public transport,0.47211082756106454,0.33276010318142735,NA,0.40243546537124597
CIV,Cote d'Ivoire,C2_Workplace closing,0.2172803499817718,0.3697334479793637,NA,0.29350689898056775
CIV,Cote d'Ivoire,E1_Income support,0.27378782355085673,0.23961020349670392,NA,0.25669901352378033
CIV,Cote d'Ivoire,C6_Stay at home requirements,0.2555596062705067,0.11722556606477501,NA,0.18639258616764087
CIV,Cote d'Ivoire,H1_Public information campaigns,0.25009114108640174,0.05760963026655202,NA,0.15385038567647688
CIV,Cote d'Ivoire,C3_Cancel public events,0.08093328472475392,0.11378618515333906,NA,0.09735973493904648
CIV,Cote d'Ivoire,C7_Restrictions on internal movement,0.0933284724753919,0.0885640584694755,NA,0.0909462654724337
CIV,Cote d'Ivoire,H3_Contact tracing,0.012030623405030989,0.014903983949555747,NA,0.013467303677293367
CIV,Cote d'Ivoire,H2_Testing policy,0.0,0.0,NA,0.0
CZE,Czech Republic,C1_School closing,0.6559726962457337,1.0,NA,0.8279863481228669
CZE,Czech Republic,C4_Restrictions on gatherings,1.0,0.5675335570469798,NA,0.7837667785234899
CZE,Czech Republic,C7_Restrictions on internal movement,0.3465301478953356,0.4918903803131991,NA,0.4192102641042673
CZE,Czech Republic,C2_Workplace closing,0.39795221843003414,0.4052013422818792,NA,0.4015767803559567
CZE,Czech Republic,C6_Stay at home requirements,0.36496018202502845,0.007969798657718121,NA,0.1864649903413733
CZE,Czech Republic,C8_International travel controls,0.14607508532423208,0.0,NA,0.07303754266211604
CZE,Czech Republic,H2_Testing policy,0.02912400455062571,0.03229865771812081,NA,0.030711331134373257
CZE,Czech Republic,E1_Income support,0.012514220705346985,0.018875838926174497,NA,0.015695029815760743
CZE,Czech Republic,C3_Cancel public events,0.0,0.0002796420581655481,NA,0.00013982102908277405
DNK,Denmark,C1_School closing,1.0,1.0,NA,1.0
DNK,Denmark,C4_Restrictions on gatherings,0.853386454183267,0.6588839211790032,NA,0.7561351876811351
DNK,Denmark,C8_International travel controls,0.5637450199203188,0.18181818181818182,NA,0.3727816008692503
DNK,Denmark,C2_Workplace closing,0.3107569721115538,0.2132803444278854,NA,0.2620186582697196
DNK,Denmark,C3_Cancel public events,0.36254980079681276,0.13263785394932937,NA,0.24759382737307106
DNK,Denmark,H2_Testing policy,0.1557768924302789,0.26428216592151016,NA,0.2100295291758945
DNK,Denmark,C6_Stay at home requirements,0.2864541832669323,0.06093724126511012,NA,0.1736957122660212
DNK,Denmark,C5_Close public transport,0.2749003984063745,0.03560192084782249,NA,0.15525115962709848
DNK,Denmark,H3_Contact tracing,0.0031872509960159364,0.21063089915548933,NA,0.10690907507575263
DNK,Denmark,E1_Income support,0.05856573705179283,0.0736876966385163,NA,0.06612671684515456
DNK,Denmark,C7_Restrictions on internal movement,0.0,0.0,NA,0.0
DOM,Dominican Republic,C6_Stay at home requirements,1.0,1.0,NA,1.0
DOM,Dominican Republic,C5_Close public transport,0.45902105862265224,0.5539631988676574,NA,0.5064921287451548
DOM,Dominican Republic,C2_Workplace closing,0.27746158224245876,0.29334748761500357,NA,0.2854045349287312
DOM,Dominican Republic,C1_School closing,0.42914058053500287,0.13481953290870488,NA,0.2819800567218539
DOM,Dominican Republic,C8_International travel controls,0.4319863403528742,0.1213729653220099,NA,0.27667965283744206
DOM,Dominican Republic,C4_Restrictions on gatherings,0.27518497438816164,0.12845010615711253,NA,0.2018175402726371
DOM,Dominican Republic,C7_Restrictions on internal movement,0.20574843483210017,0.02848549186128804,NA,0.11711696334669411
DOM,Dominican Republic,H2_Testing policy,0.06573705179282868,0.12986553432413306,NA,0.09780129305848087
DOM,Dominican Republic,E1_Income support,0.048377916903813316,0.14366595895258316,NA,0.09602193792819824
DOM,Dominican Republic,H3_Contact tracing,0.0,0.027070063694267517,NA,0.013535031847133758
DOM,Dominican Republic,C3_Cancel public events,0.011667615253272624,0.0,NA,0.005833807626636312
ECU,Ecuador,C2_Workplace closing,1.0,1.0,NA,1.0
ECU,Ecuador,C5_Close public transport,0.9299809038828771,0.33672172808132145,NA,0.6333513159820993
ECU,Ecuador,C4_Restrictions on gatherings,0.7122851686823679,0.4837992376111817,NA,0.5980422031467748
ECU,Ecuador,E1_Income support,0.547422024188415,0.3440279542566709,NA,0.44572498922254294
ECU,Ecuador,C8_International travel controls,0.4939528962444303,0.0590851334180432,NA,0.27651901483123675
ECU,Ecuador,C1_School closing,0.4704010184595799,0.0644853875476493,NA,0.26744320300361457
ECU,Ecuador,H2_Testing policy,0.13303628262253342,0.1556543837357052,NA,0.1443453331791193
ECU,Ecuador,C3_Cancel public events,0.1279439847231063,0.0054002541296060995,NA,0.0666721194263562
ECU,Ecuador,C6_Stay at home requirements,0.026098026734563972,0.0,NA,0.013049013367281986
ECU,Ecuador,H1_Public information campaigns,0.019732654360280075,0.0,NA,0.009866327180140038
ECU,Ecuador,C7_Restrictions on internal movement,0.0,0.0,NA,0.0
EGY,Egypt,C1_School closing,1.0,1.0,NA,1.0
EGY,Egypt,C8_International travel controls,0.9883076923076923,0.24547417372529481,NA,0.6168909330164936
EGY,Egypt,C3_Cancel public events,0.5864615384615385,0.053147317721308755,NA,0.3198044280914236
EGY,Egypt,C5_Close public transport,0.45784615384615385,0.15445939212755355,NA,0.3061527729868537
EGY,Egypt,C2_Workplace closing,0.4461538461538462,0.03554226872612523,NA,0.24084805743998572
EGY,Egypt,H1_Public information campaigns,0.39015384615384613,0.01112771964789902,NA,0.20064078290087256
EGY,Egypt,C4_Restrictions on gatherings,0.168,0.0637767812655705,NA,0.11588839063278525
EGY,Egypt,H2_Testing policy,0.0,0.17654874605547252,NA,0.08827437302773626
EGY,Egypt,C6_Stay at home requirements,0.12615384615384614,0.0,NA,0.06307692307692307
EGY,Egypt,E1_Income support,0.0,0.09184520843713669,NA,0.04592260421856834
EGY,Egypt,C7_Restrictions on internal movement,0.0,0.0,NA,0.0
SLV,El Salvador,C2_Workplace closing,1.0,1.0,NA,1.0
SLV,El Salvador,C4_Restrictions on gatherings,0.534504391468005,0.8949438202247191,NA,0.714724105846362
SLV,El Salvador,C5_Close public transport,0.7344207444583856,0.5814606741573034,NA,0.6579407093078444
SLV,El Salvador,C6_Stay at home requirements,0.4730238393977415,0.48764044943820223,NA,0.4803321444179719
SLV,El Salvador,H3_Contact tracing,0.1288163948138854,0.503370786516854,NA,0.3160935906653697
SLV,El Salvador,C8_International travel controls,0.6148055207026348,0.0033707865168539327,NA,0.3090881536097444
SLV,El Salvador,C3_Cancel public events,0.40401505646173147,0.0651685393258427,NA,0.2345917978937871
SLV,El Salvador,E1_Income support,0.0,0.39662921348314606,NA,0.19831460674157303
SLV,El Salvador,H1_Public information campaigns,0.3475533249686324,0.035955056179775284,NA,0.19175419057420384
SLV,El Salvador,C1_School closing,0.30071099958176495,0.056179775280898875,NA,0.17844538743133193
SLV,El Salvador,H2_Testing policy,0.04265997490589712,0.24606741573033708,NA,0.1443636953181171
SLV,El Salvador,C7_Restrictions on internal movement,0.07109995817649518,0.0,NA,0.03554997908824759
ETH,Ethiopia,C8_International travel controls,1.0,0.7287157287157288,NA,0.8643578643578644
ETH,Ethiopia,H2_Testing policy,0.414985590778098,1.0,NA,0.707492795389049
ETH,Ethiopia,C1_School closing,0.6348291477974475,0.3939393939393939,NA,0.5143842708684208
ETH,Ethiopia,C4_Restrictions on gatherings,0.3433511733223549,0.3513708513708514,NA,0.3473610123466031
ETH,Ethiopia,C5_Close public transport,0.36064223960477565,0.21572871572871574,NA,0.2881854776667457
ETH,Ethiopia,H3_Contact tracing,0.09880609304240429,0.284992784992785,NA,0.19189943901759465
ETH,Ethiopia,C7_Restrictions on internal movement,0.2647179909427748,0.01443001443001443,NA,0.1395740026863946
ETH,Ethiopia,C3_Cancel public events,0.0876904075751338,0.008658008658008658,NA,0.04817420811657123
ETH,Ethiopia,C6_Stay at home requirements,0.08439687114038699,0.010822510822510822,NA,0.047609690981448904
ETH,Ethiopia,C2_Workplace closing,0.07492795389048991,0.0,NA,0.037463976945244955
ETH,Ethiopia,H1_Public information campaigns,0.0,0.0,NA,0.0
FRA,France,C1_School closing,1.0,1.0,NA,1.0
FRA,France,C2_Workplace closing,0.8306761957119296,0.38290532771176694,NA,0.6067907617118483
FRA,France,C4_Restrictions on gatherings,0.6915887850467289,0.3806055960137984,NA,0.5360971905302636
FRA,France,C8_International travel controls,0.7471137987905443,0.0939057110003833,NA,0.42050975489546377
FRA,France,C7_Restrictions on internal movement,0.5492028587135789,0.0580682253737064,NA,0.3036355420436426
FRA,France,C6_Stay at home requirements,0.40131940626717977,0.12916826370256804,NA,0.2652438349848739
FRA,France,C3_Cancel public events,0.39472237493128093,0.08968953622077425,NA,0.2422059555760276
FRA,France,H2_Testing policy,0.4639912039582188,0.0,NA,0.2319956019791094
FRA,France,C5_Close public transport,0.3908741066520066,0.011307014181678805,NA,0.2010905604168427
FRA,France,H3_Contact tracing,0.1017042330951072,0.013031812955155231,NA,0.05736802302513122
FRA,France,E1_Income support,0.0,0.0015331544653123803,NA,0.0007665772326561902
DEU,Germany,C1_School closing,1.0,1.0,NA,1.0
DEU,Germany,C8_International travel controls,0.599476439790576,0.4807517429524098,NA,0.5401140913714929
DEU,Germany,C3_Cancel public events,0.35732984293193715,0.5344043649590785,NA,0.4458671039455078
DEU,Germany,C6_Stay at home requirements,0.3994764397905759,0.45134889360412245,NA,0.4254126666973492
DEU,Germany,C2_Workplace closing,0.21020942408376964,0.6189754471051834,NA,0.4145924355944765
DEU,Germany,C4_Restrictions on gatherings,0.26780104712041886,0.37950894210366776,NA,0.3236549946120433
DEU,Germany,H2_Testing policy,0.10916230366492147,0.2385571385268263,NA,0.1738597210958739
DEU,Germany,C7_Restrictions on internal movement,0.2976439790575916,0.027280994240678993,NA,0.1624624866491353
DEU,Germany,H3_Contact tracing,0.12303664921465969,0.1815701727796302,NA,0.15230341099714495
DEU,Germany,H1_Public information campaigns,0.17565445026178012,0.06668687481054865,NA,0.12117066253616438
DEU,Germany,E1_Income support,0.0,0.0,NA,0.0
GHA,Ghana,C1_School closing,0.739938080495356,0.8989473684210526,NA,0.8194427244582043
GHA,Ghana,C5_Close public transport,0.49933657673595755,1.0,NA,0.7496682883679788
GHA,Ghana,C8_International travel controls,1.0,0.31494736842105264,NA,0.6574736842105263
GHA,Ghana,C2_Workplace closing,0.7049977885891199,0.6071578947368421,NA,0.656077841662981
GHA,Ghana,H1_Public information campaigns,0.6934984520123839,0.01136842105263158,NA,0.35243343653250775
GHA,Ghana,C6_Stay at home requirements,0.26846528084918175,0.10357894736842105,NA,0.1860221141088014
GHA,Ghana,H2_Testing policy,0.13401149933657674,0.21221052631578946,NA,0.1731110128261831
GHA,Ghana,H3_Contact tracing,0.11853162317558602,0.020210526315789474,NA,0.06937107474568775
GHA,Ghana,C3_Cancel public events,0.0659000442282176,0.03831578947368421,NA,0.05210791685095091
GHA,Ghana,C7_Restrictions on internal movement,0.05174701459531181,0.021894736842105262,NA,0.03682087571870853
GHA,Ghana,C4_Restrictions on gatherings,0.0,0.0,NA,0.0
GTM,Guatemala,C2_Workplace closing,0.39074960127591707,1.0,NA,0.6953748006379585
GTM,Guatemala,C8_International travel controls,1.0,0.23557692307692307,NA,0.6177884615384616
GTM,Guatemala,C4_Restrictions on gatherings,0.4462519936204147,0.11778846153846154,NA,0.2820202275794381
GTM,Guatemala,C1_School closing,0.21818181818181817,0.11469780219780219,NA,0.1664398101898102
GTM,Guatemala,H1_Public information campaigns,0.3068580542264753,0.0010302197802197802,NA,0.15394413700334753
GTM,Guatemala,C3_Cancel public events,0.2851674641148325,0.0037774725274725275,NA,0.14447246832115251
GTM,Guatemala,E1_Income support,0.0006379585326953748,0.23282967032967034,NA,0.11673381443118286
GTM,Guatemala,C5_Close public transport,0.010845295055821371,0.21771978021978022,NA,0.1142825376378008
GTM,Guatemala,C7_Restrictions on internal movement,0.17543859649122806,0.0,NA,0.08771929824561403
GTM,Guatemala,H2_Testing policy,0.03413078149920255,0.13804945054945056,NA,0.08609011602432656
GTM,Guatemala,C6_Stay at home requirements,0.0,0.025755494505494504,NA,0.012877747252747252
HND,Honduras,C2_Workplace closing,1.0,1.0,NA,1.0
HND,Honduras,C8_International travel controls,0.6960941680042804,0.2376068376068376,NA,0.46685050280555895
HND,Honduras,C1_School closing,0.4178705189941145,0.3373219373219373,NA,0.3775962281580259
HND,Honduras,E1_Income support,0.18566078116639914,0.49914529914529915,NA,0.34240304015584916
HND,Honduras,H1_Public information campaigns,0.5008025682182986,0.018233618233618232,NA,0.2595180932259584
HND,Honduras,C3_Cancel public events,0.11128945960406635,0.049002849002849,NA,0.08014615430345767
HND,Honduras,C4_Restrictions on gatherings,0.09951845906902086,0.04957264957264957,NA,0.07454555432083522
HND,Honduras,H2_Testing policy,0.09737827715355805,0.009116809116809116,NA,0.05324754313518359
HND,Honduras,C5_Close public transport,0.023542001070090957,0.002849002849002849,NA,0.013195501959546904
HND,Honduras,H3_Contact tracing,0.01819154628143392,0.0,NA,0.00909577314071696
HND,Honduras,C6_Stay at home requirements,0.0,0.0,NA,0.0
IND,India,C2_Workplace closing,1.0,1.0,NA,1.0
IND,India,H2_Testing policy,0.7251908396946565,0.3604412519240636,NA,0.54281604580936
IND,India,C4_Restrictions on gatherings,0.7786259541984732,0.20446382760389945,NA,0.49154489090118636
IND,India,C8_International travel controls,0.5732130464954892,0.25115443817342226,NA,0.41218374233445576
IND,India,C6_Stay at home requirements,0.4823039555863983,0.31272447408927656,NA,0.39751421483783744
IND,India,C1_School closing,0.5416377515614157,0.14597229348383786,NA,0.3438050225226268
IND,India,C3_Cancel public events,0.4621790423317141,0.1090302719343253,NA,0.2856046571330197
IND,India,C5_Close public transport,0.34871616932685634,0.06413545407901487,NA,0.2064258117029356
IND,India,C7_Restrictions on internal movement,0.10895211658570438,0.026936890713186248,NA,0.0679445036494453
IND,India,H1_Public information campaigns,0.056210964607911175,0.018471010774756286,NA,0.03734098769133373
IND,India,H3_Contact tracing,0.03469812630117974,0.00513083632632119,NA,0.019914481313750464
IND,India,E1_Income support,0.0,0.0,NA,0.0
IDN,Indonesia,C8_International travel controls,0.9343331982164572,1.0,NA,0.9671665991082286
IDN,Indonesia,C2_Workplace closing,1.0,0.5488435374149659,NA,0.774421768707483
IDN,Indonesia,C5_Close public transport,0.8500202675314147,0.4838095238095238,NA,0.6669148956704692
IDN,Indonesia,C7_Restrictions on internal movement,0.6878800162140252,0.39319727891156464,NA,0.5405386475627949
IDN,Indonesia,C1_School closing,0.5314146736927442,0.29006802721088437,NA,0.41074135045181426
IDN,Indonesia,C4_Restrictions on gatherings,0.35832995541143087,0.1602721088435374,NA,0.2593010321274841
IDN,Indonesia,C3_Cancel public events,0.2464531820024321,0.04517006802721089,NA,0.1458116250148215
IDN,Indonesia,H3_Contact tracing,0.05066882853668423,0.0,NA,0.025334414268342115
IDN,Indonesia,C6_Stay at home requirements,0.0,0.016870748299319727,NA,0.008435374149659863
IRN,Iran,C1_School closing,1.0,0.8221175414984297,NA,0.9110587707492148
IRN,Iran,C2_Workplace closing,0.6996849842492124,1.0,NA,0.8498424921246062
IRN,Iran,C4_Restrictions on gatherings,0.7112355617780889,0.8158366980708838,NA,0.7635361299244863
IRN,Iran,C3_Cancel public events,0.6338816940847042,0.16913414087034545,NA,0.4015079174775248
IRN,Iran,C5_Close public transport,0.31046552327616384,0.2759084791386272,NA,0.2931870012073955
IRN,Iran,E1_Income support,0.26111305565278264,0.21668909825033647,NA,0.23890107695155954
IRN,Iran,H1_Public information campaigns,0.3006650332516626,0.1240466576940332,NA,0.21235584547284792
IRN,Iran,C6_Stay at home requirements,0.1512075603780189,0.12225213100044863,NA,0.13672984568923377
IRN,Iran,C8_International travel controls,0.060203010150507524,0.03880663974876626,NA,0.04950482494963689
IRN,Iran,C7_Restrictions on internal movement,0.06090304515225761,0.03566621803499327,NA,0.04828463159362544
IRN,Iran,H2_Testing policy,0.054952747637381866,0.013458950201884253,NA,0.03420584891963306
IRN,Iran,H3_Contact tracing,0.0,0.0,NA,0.0
IRQ,Iraq,C2_Workplace closing,0.8563144329896907,1.0,NA,0.9281572164948453
IRQ,Iraq,C5_Close public transport,1.0,0.677737415672029,NA,0.8388687078360145
IRQ,Iraq,E1_Income support,0.47487113402061853,0.401141670991178,NA,0.4380064025058983
IRQ,Iraq,H2_Testing policy,0.3634020618556701,0.33523611831863,NA,0.34931909008715
IRQ,Iraq,C7_Restrictions on internal movement,0.33762886597938147,0.0700570835495589,NA,0.2038429747644702
IRQ,Iraq,C8_International travel controls,0.009664948453608248,0.0,NA,0.004832474226804124
IRQ,Iraq,C6_Stay at home requirements,0.0,0.008822003113648157,NA,0.0044110015568240785
IRL,Ireland,C2_Workplace closing,1.0,1.0,NA,1.0
IRL,Ireland,C1_School closing,0.610040340654415,0.5251633986928105,NA,0.5676018696736127
IRL,Ireland,C8_International travel controls,0.3321380546839982,0.6251633986928105,NA,0.47865072668840436
IRL,Ireland,C6_Stay at home requirements,0.6243836844464365,0.2928104575163399,NA,0.45859707098138824
IRL,Ireland,C5_Close public transport,0.34827431645002244,0.25098039215686274,NA,0.29962735430344256
IRL,Ireland,C4_Restrictions on gatherings,0.4603316898251905,0.07418300653594771,NA,0.2672573481805691
IRL,Ireland,C7_Restrictions on internal movement,0.15015688032272523,0.021568627450980392,NA,0.08586275388685281
IRL,Ireland,E1_Income support,0.0,0.11241830065359477,NA,0.05620915032679739
IRL,Ireland,C3_Cancel public events,0.08695652173913043,0.01764705882352941,NA,0.05230179028132992
IRL,Ireland,H2_Testing policy,0.013895114298520844,0.04771241830065359,NA,0.03080376629958722
IRL,Ireland,H3_Contact tracing,0.0502017032720753,0.0,NA,0.02510085163603765
ISR,Israel,C1_School closing,0.9419317187044062,1.0,NA,0.970965859352203
ISR,Israel,C4_Restrictions on gatherings,1.0,0.5819812126387702,NA,0.7909906063193851
ISR,Israel,C2_Workplace closing,0.8345491683688357,0.7438087105038429,NA,0.7891789394363393
ISR,Israel,C6_Stay at home requirements,0.7119929967901955,0.7233134073441503,NA,0.7176532020671729
ISR,Israel,C7_Restrictions on internal movement,0.46629705281587397,0.25597779675491034,NA,0.3611374247853921
ISR,Israel,H3_Contact tracing,0.08345491683688357,0.27583262169086253,NA,0.17964376926387304
ISR,Israel,C3_Cancel public events,0.16603443244820543,0.05123825789923143,NA,0.10863634517371842
ISR,Israel,C5_Close public transport,0.11351035891450248,0.04397950469684031,NA,0.0787449318056714
ISR,Israel,E1_Income support,0.041143857601400644,0.07600341588385995,NA,0.058573636742630296
ISR,Israel,C8_International travel controls,0.0,0.0,NA,0.0
ITA,Italy,C2_Workplace closing,1.0,1.0,NA,1.0
ITA,Italy,C5_Close public transport,0.7177685950413223,0.6213610235490451,NA,0.6695648092951837
ITA,Italy,C4_Restrictions on gatherings,0.7,0.22121268310773223,NA,0.4606063415538661
ITA,Italy,C6_Stay at home requirements,0.6322314049586777,0.2773966252549601,NA,0.4548140151068189
ITA,Italy,C8_International travel controls,0.7793388429752066,0.0597070276284072,NA,0.4195229353018069
ITA,Italy,C7_Restrictions on internal movement,0.6962809917355371,0.08826256258112368,NA,0.3922717771583304
ITA,Italy,E1_Income support,0.321900826446281,0.06619692193584276,NA,0.19404887419106187
ITA,Italy,C1_School closing,0.25495867768595043,0.12330799184127572,NA,0.18913333476361308
ITA,Italy,H2_Testing policy,0.24338842975206612,0.10291118116076395,NA,0.17314980545641503
ITA,Italy,C3_Cancel public events,0.0,0.0,NA,0.0
JPN,Japan,C1_School closing,1.0,1.0,NA,1.0
JPN,Japan,C6_Stay at home requirements,0.5777604976671851,0.3918752564628642,NA,0.48481787706502466
JPN,Japan,C2_Workplace closing,0.33048211508553654,0.5880180549856381,NA,0.4592500850355873
JPN,Japan,C8_International travel controls,0.4770606531881804,0.23307345096430038,NA,0.3550670520762404
JPN,Japan,E1_Income support,0.15202177293934682,0.5116947066064834,NA,0.3318582397729151
JPN,Japan,C7_Restrictions on internal movement,0.20178849144634525,0.10237997537956504,NA,0.15208423341295516
JPN,Japan,C3_Cancel public events,0.18312597200622083,0.07714402954452196,NA,0.13013500077537138
JPN,Japan,H1_Public information campaigns,0.18001555209953343,0.0,NA,0.09000777604976672
JPN,Japan,H2_Testing policy,0.0,0.05252359458350431,NA,0.026261797291752154
KAZ,Kazakhstan,C2_Workplace closing,0.9778270509977827,1.0,NA,0.9889135254988913
KAZ,Kazakhstan,C1_School closing,1.0,0.9658901830282862,NA,0.9829450915141431
KAZ,Kazakhstan,C7_Restrictions on internal movement,0.9927937915742794,0.8153078202995009,NA,0.9040508059368901
KAZ,Kazakhstan,C5_Close public transport,0.8137472283813747,0.7712146422628952,NA,0.7924809353221349
KAZ,Kazakhstan,C8_International travel controls,0.9301552106430155,0.629783693843594,NA,0.7799694522433047
KAZ,Kazakhstan,H2_Testing policy,0.02993348115299335,0.6738768718801996,NA,0.3519051765165965
KAZ,Kazakhstan,C4_Restrictions on gatherings,0.4916851441241685,0.16139767054908485,NA,0.3265414073366267
KAZ,Kazakhstan,C6_Stay at home requirements,0.3348115299334812,0.2254575707154742,NA,0.2801345503244777
KAZ,Kazakhstan,C3_Cancel public events,0.43680709534368073,0.02329450915141431,NA,0.2300508022475475
KAZ,Kazakhstan,H3_Contact tracing,0.013303769401330377,0.32945091514143093,NA,0.17137734227138066
KAZ,Kazakhstan,H1_Public information campaigns,0.017184035476718405,0.0,NA,0.008592017738359202
KAZ,Kazakhstan,E1_Income support,0.0,0.0,NA,0.0
KEN,Kenya,C8_International travel controls,1.0,0.8012603005332041,NA,0.9006301502666021
KEN,Kenya,C5_Close public transport,0.40376106194690264,1.0,NA,0.7018805309734513
KEN,Kenya,C6_Stay at home requirements,0.5656342182890856,0.6005816771691711,NA,0.5831079477291283
KEN,Kenya,C4_Restrictions on gatherings,0.3525073746312684,0.5501696558410082,NA,0.4513385152361383
KEN,Kenya,H2_Testing policy,0.3075221238938053,0.2796897721764421,NA,0.2936059480351237
KEN,Kenya,C2_Workplace closing,0.3495575221238938,0.20116335433834223,NA,0.275360438231118
KEN,Kenya,C7_Restrictions on internal movement,0.38716814159292035,0.15220552593310713,NA,0.2696868337630137
KEN,Kenya,C1_School closing,0.2555309734513274,0.11342704798836646,NA,0.18447901071984693
KEN,Kenya,H1_Public information campaigns,0.31563421828908556,0.0,NA,0.15781710914454278
KEN,Kenya,C3_Cancel public events,0.2374631268436578,0.015996122152205527,NA,0.12672962449793168
KEN,Kenya,H3_Contact tracing,0.04056047197640118,0.18371303926320892,NA,0.11213675561980505
KEN,Kenya,E1_Income support,0.0,0.0174503150751333,NA,0.00872515753756665
KWT,Kuwait,C2_Workplace closing,1.0,1.0,NA,1.0
KWT,Kuwait,C6_Stay at home requirements,0.6051351351351352,0.4420335761799176,NA,0.5235843556575264
KWT,Kuwait,C8_International travel controls,0.41864864864864865,0.14095660437123853,NA,0.2798026265099436
KWT,Kuwait,C4_Restrictions on gatherings,0.36648648648648646,0.15837820715869497,NA,0.2624323468225907
KWT,Kuwait,C3_Cancel public events,0.36162162162162165,0.09011719987329743,NA,0.22586941074745953
KWT,Kuwait,C7_Restrictions on internal movement,0.2945945945945946,0.1414317389927146,NA,0.2180131667936546
KWT,Kuwait,C5_Close public transport,0.21324324324324323,0.11371555273994298,NA,0.1634793979915931
KWT,Kuwait,C1_School closing,0.20891891891891892,0.11276528349699082,NA,0.16084210120795486
KWT,Kuwait,E1_Income support,0.05702702702702703,0.12401013620525815,NA,0.0905185816161426
KWT,Kuwait,H3_Contact tracing,0.005675675675675676,0.0012670256572695597,NA,0.0034713506664726178
KWT,Kuwait,H2_Testing policy,0.0,0.0,NA,0.0
KGZ,Kyrgyz Republic,C8_International travel controls,1.0,1.0,NA,1.0
KGZ,Kyrgyz Republic,H2_Testing policy,0.7333333333333333,0.6151419558359621,NA,0.6742376445846476
KGZ,Kyrgyz Republic,C2_Workplace closing,0.5318352059925093,0.3943217665615142,NA,0.46307848627701176
KGZ,Kyrgyz Republic,H1_Public information campaigns,0.6632958801498128,0.2302839116719243,NA,0.44678989591086854
KGZ,Kyrgyz Republic,C6_Stay at home requirements,0.5749063670411985,0.1995268138801262,NA,0.3872165904606623
KGZ,Kyrgyz Republic,C7_Restrictions on internal movement,0.20749063670411985,0.5157728706624606,NA,0.3616317536832902
KGZ,Kyrgyz Republic,C3_Cancel public events,0.5797752808988764,0.0,NA,0.2898876404494382
KGZ,Kyrgyz Republic,C4_Restrictions on gatherings,0.27902621722846443,0.1971608832807571,NA,0.23809355025461076
KGZ,Kyrgyz Republic,E1_Income support,0.0,0.38485804416403785,NA,0.19242902208201892
KGZ,Kyrgyz Republic,C1_School closing,0.24082397003745318,0.0007886435331230284,NA,0.1208063067852881
KGZ,Kyrgyz Republic,H3_Contact tracing,0.011235955056179775,0.0,NA,0.0056179775280898875
KGZ,Kyrgyz Republic,C5_Close public transport,0.008988764044943821,0.0,NA,0.0044943820224719105
MDG,Madagascar,C2_Workplace closing,1.0,1.0,NA,1.0
MDG,Madagascar,E1_Income support,0.43250843644544434,0.42641509433962266,NA,0.4294617653925335
MDG,Madagascar,C8_International travel controls,0.7699662542182227,0.03962264150943396,NA,0.40479444786382834
MDG,Madagascar,C6_Stay at home requirements,0.6462317210348706,0.11886792452830189,NA,0.3825498227815862
MDG,Madagascar,C5_Close public transport,0.5106861642294713,0.2358490566037736,NA,0.3732676104166225
MDG,Madagascar,C1_School closing,0.4313835770528684,0.26352201257861635,NA,0.34745279481574237
MDG,Madagascar,H1_Public information campaigns,0.48200224971878514,0.006289308176100629,NA,0.24414577894744288
MDG,Madagascar,H2_Testing policy,0.03487064116985377,0.0025157232704402514,NA,0.01869318222014701
MDG,Madagascar,C3_Cancel public events,0.01799775028121485,0.006918238993710692,NA,0.01245799463746277
MDG,Madagascar,H3_Contact tracing,0.0011248593925759281,0.0,NA,0.0005624296962879641
MDG,Madagascar,C4_Restrictions on gatherings,0.0,0.0,NA,0.0
MEX,Mexico,C2_Workplace closing,1.0,1.0,NA,1.0
MEX,Mexico,C4_Restrictions on gatherings,0.6138728323699422,0.34900442477876104,NA,0.4814386285743516
MEX,Mexico,C1_School closing,0.5011560693641619,0.3573008849557522,NA,0.42922847715995704
MEX,Mexico,C8_International travel controls,0.4416184971098266,0.372787610619469,NA,0.40720305386464783
MEX,Mexico,C3_Cancel public events,0.3601156069364162,0.15376106194690264,NA,0.2569383344416594
MEX,Mexico,H2_Testing policy,0.024277456647398842,0.48008849557522126,NA,0.2521829761113101
MEX,Mexico,C5_Close public transport,0.12485549132947976,0.059734513274336286,NA,0.09229500230190803
MEX,Mexico,C7_Restrictions on internal movement,0.019653179190751446,0.00331858407079646,NA,0.011485881630773954
MEX,Mexico,C6_Stay at home requirements,0.01560693641618497,0.006084070796460177,NA,0.010845503606322573
MEX,Mexico,H1_Public information campaigns,0.0,0.0,NA,0.0
MDA,Moldova,C8_International travel controls,1.0,0.6173942935716741,NA,0.808697146785837
MDA,Moldova,C5_Close public transport,0.236198243412798,1.0,NA,0.618099121706399
MDA,Moldova,C6_Stay at home requirements,0.4730238393977415,0.748710897215538,NA,0.6108673683066397
MDA,Moldova,H2_Testing policy,0.20922208281053953,0.6136129254039189,NA,0.4114175041072292
MDA,Moldova,C4_Restrictions on gatherings,0.30646173149309913,0.27913372292884153,NA,0.2927977272109703
MDA,Moldova,E1_Income support,0.20075282308657466,0.2822275696115504,NA,0.24149019634906252
MDA,Moldova,C1_School closing,0.1944792973651192,0.17463045720178755,NA,0.18455487728345338
MDA,Moldova,H1_Public information campaigns,0.24247176913425345,0.028188380886902717,NA,0.1353300750105781
MDA,Moldova,H3_Contact tracing,0.09441656210790464,0.10828463389480922,NA,0.10135059800135693
MDA,Moldova,C3_Cancel public events,0.1424090338770389,0.0,NA,0.07120451693851945
MDA,Moldova,C2_Workplace closing,0.005959849435382685,0.03265727053970437,NA,0.019308559987543526
MDA,Moldova,C7_Restrictions on internal movement,0.0,0.03300103128222757,NA,0.016500515641113784
MAR,Morocco,C2_Workplace closing,1.0,1.0,NA,1.0
MAR,Morocco,C6_Stay at home requirements,0.35352112676056335,0.5740055504162812,NA,0.4637633385884223
MAR,Morocco,E1_Income support,0.33661971830985915,0.2798334875115634,NA,0.30822660291071124
MAR,Morocco,C1_School closing,0.2704225352112676,0.31961147086031455,NA,0.29501700303579104
MAR,Morocco,H3_Contact tracing,0.0,0.47363552266419984,NA,0.23681776133209992
MAR,Morocco,C3_Cancel public events,0.2544600938967136,0.14014801110083255,NA,0.19730405249877309
MAR,Morocco,H1_Public information campaigns,0.34507042253521125,0.039777983348751156,NA,0.1924242029419812
MAR,Morocco,C7_Restrictions on internal movement,0.19295774647887323,0.11655874190564293,NA,0.1547582441922581
MAR,Morocco,H2_Testing policy,0.011737089201877934,0.1026827012025902,NA,0.057209895202234066
MAR,Morocco,C8_International travel controls,0.11126760563380282,0.0,NA,0.05563380281690141
MAR,Morocco,C5_Close public transport,0.019248826291079813,0.08649398704902868,NA,0.052871406670054244
MAR,Morocco,C4_Restrictions on gatherings,0.020657276995305163,0.002312673450508788,NA,0.011484975222906976
NPL,Nepal,C2_Workplace closing,0.9796287913082843,1.0,NA,0.9898143956541421
NPL,Nepal,C3_Cancel public events,1.0,0.2584818861414606,NA,0.6292409430707303
NPL,Nepal,C5_Close public transport,0.47261204164780446,0.22167912593444508,NA,0.34714558379112476
NPL,Nepal,C6_Stay at home requirements,0.4848347668628339,0.05664174813110983,NA,0.27073825749697183
NPL,Nepal,C7_Restrictions on internal movement,0.37437754640108645,0.13197239792984475,NA,0.2531749721654656
NPL,Nepal,C1_School closing,0.25305568130375733,0.12449683726279472,NA,0.18877625928327602
NPL,Nepal,H1_Public information campaigns,0.30194658216387504,0.06670500287521564,NA,0.18432579251954534
NPL,Nepal,C8_International travel controls,0.35219556360344045,0.0005750431282346176,NA,0.17638530336583755
NPL,Nepal,C4_Restrictions on gatherings,0.3345405160706202,0.0,NA,0.1672702580353101
NPL,Nepal,E1_Income support,0.0,0.20701552616446234,NA,0.10350776308223117
NLD,Netherlands,C1_School closing,1.0,0.9959252157238735,NA,0.9979626078619368
NLD,Netherlands,C5_Close public transport,0.4138211382113821,1.0,NA,0.7069105691056911
NLD,Netherlands,C6_Stay at home requirements,0.6361788617886179,0.30920421860019176,NA,0.47269154019440485
NLD,Netherlands,C2_Workplace closing,0.6073170731707317,0.23441994247363374,NA,0.4208685078221827
NLD,Netherlands,C3_Cancel public events,0.3361788617886179,0.2622243528283797,NA,0.29920160730849876
NLD,Netherlands,C8_International travel controls,0.38739837398373983,0.08245445829338446,NA,0.23492641613856213
NLD,Netherlands,H1_Public information campaigns,0.27439024390243905,0.06711409395973154,NA,0.1707521689310853
NLD,Netherlands,C7_Restrictions on internal movement,0.2788617886178862,0.019175455417066157,NA,0.14901862201747618
NLD,Netherlands,H2_Testing policy,0.16422764227642275,0.07166826462128476,NA,0.11794795344885375
NLD,Netherlands,C4_Restrictions on gatherings,0.06260162601626017,0.10234899328859061,NA,0.08247530965242539
NLD,Netherlands,E1_Income support,0.03170731707317073,0.027804410354745925,NA,0.02975586371395833
NLD,Netherlands,H3_Contact tracing,0.0,0.0,NA,0.0
NGA,Nigeria,C2_Workplace closing,1.0,0.5663978494623656,NA,0.7831989247311828
NGA,Nigeria,C5_Close public transport,0.3475911751463305,1.0,NA,0.6737955875731653
NGA,Nigeria,C1_School closing,0.7185952273750563,0.25833333333333336,NA,0.48846428035419487
NGA,Nigeria,C4_Restrictions on gatherings,0.36380009004952724,0.15161290322580645,NA,0.25770649663766687
NGA,Nigeria,C6_Stay at home requirements,0.3183250787933363,0.1631720430107527,NA,0.2407485609020445
NGA,Nigeria,C7_Restrictions on internal movement,0.18190004502476362,0.18870967741935485,NA,0.18530486122205925
NGA,Nigeria,H2_Testing policy,0.0,0.19838709677419356,NA,0.09919354838709678
NGA,Nigeria,C3_Cancel public events,0.15623592976136874,0.003763440860215054,NA,0.0799996853107919
NGA,Nigeria,C8_International travel controls,0.08914903196758217,0.0,NA,0.044574515983791085
OMN,Oman,C2_Workplace closing,1.0,1.0,NA,1.0
OMN,Oman,C6_Stay at home requirements,0.7970297029702971,0.7697870630775412,NA,0.7834083830239191
OMN,Oman,E1_Income support,0.36468646864686466,0.20630775411811972,NA,0.2854971113824922
OMN,Oman,C8_International travel controls,0.3048679867986799,0.15849738850944153,NA,0.2316826876540607
OMN,Oman,C5_Close public transport,0.3415841584158416,0.08336681398151868,NA,0.21247548619868015
OMN,Oman,C1_School closing,0.2933168316831683,0.07332261952591403,NA,0.18331972560454116
OMN,Oman,C3_Cancel public events,0.29661716171617164,0.03314584170349538,NA,0.1648815017098335
OMN,Oman,C7_Restrictions on internal movement,0.24917491749174916,0.0036159100040176776,NA,0.12639541374788343
OMN,Oman,C4_Restrictions on gatherings,0.06518151815181518,0.005222981116914423,NA,0.0352022496343648
OMN,Oman,H3_Contact tracing,0.0,0.0,NA,0.0
PAK,Pakistan,C8_International travel controls,1.0,0.49233278955954324,NA,0.7461663947797716
PAK,Pakistan,C5_Close public transport,0.3910661609776654,1.0,NA,0.6955330804888327
PAK,Pakistan,C7_Restrictions on internal movement,0.9646017699115044,0.3298531810766721,NA,0.6472274754940882
PAK,Pakistan,C2_Workplace closing,0.718921196797303,0.23197389885807504,NA,0.47544754782768905
PAK,Pakistan,C6_Stay at home requirements,0.6308470290771175,0.16802610114192496,NA,0.39943656510952125
PAK,Pakistan,E1_Income support,0.27728613569321536,0.15415986949429036,NA,0.21572300259375288
PAK,Pakistan,H3_Contact tracing,0.2675937631689844,0.1230016313213703,NA,0.19529769724517737
PAK,Pakistan,C3_Cancel public events,0.26464391066160975,0.07960848287112561,NA,0.17212619676636767
PAK,Pakistan,H2_Testing policy,0.018541930046354824,0.09249592169657422,NA,0.05551892587146452
PAK,Pakistan,C4_Restrictions on gatherings,0.0,0.0,NA,0.0
PSE,Palestine,C8_International travel controls,0.6625222024866785,1.0,NA,0.8312611012433393
PSE,Palestine,C2_Workplace closing,0.8685612788632326,0.5928753180661578,NA,0.7307182984646952
PSE,Palestine,C4_Restrictions on gatherings,1.0,0.39991518235793044,NA,0.6999575911789653
PSE,Palestine,C1_School closing,0.6651865008880995,0.18617472434266327,NA,0.42568061261538137
PSE,Palestine,H1_Public information campaigns,0.6669626998223801,0.030110262934690414,NA,0.34853648137853527
PSE,Palestine,C3_Cancel public events,0.5248667850799289,0.003816793893129771,NA,0.2643417894865293
PSE,Palestine,C5_Close public transport,0.24156305506216696,0.04198473282442748,NA,0.14177389394329723
PSE,Palestine,C6_Stay at home requirements,0.03818827708703375,0.0,NA,0.019094138543516874
PSE,Palestine,H2_Testing policy,0.03108348134991119,0.00042408821034775233,NA,0.01575378478012947
PSE,Palestine,C7_Restrictions on internal movement,0.003552397868561279,0.0,NA,0.0017761989342806395
PSE,Palestine,H3_Contact tracing,0.0,0.0,NA,0.0
PAN,Panama,C2_Workplace closing,1.0,1.0,NA,1.0
PAN,Panama,C6_Stay at home requirements,0.5922810489856507,0.3947581734666306,NA,0.49351961122614063
PAN,Panama,C5_Close public transport,0.33250865907966354,0.5911915698459875,NA,0.46185011446282553
PAN,Panama,H1_Public information campaigns,0.3809995051954478,0.2023777357470954,NA,0.2916886204712716
PAN,Panama,C8_International travel controls,0.4346857991093518,0.12753309916238853,NA,0.28110944913587016
PAN,Panama,C7_Restrictions on internal movement,0.20732310737258783,0.16536071332072413,NA,0.18634191034665598
PAN,Panama,C1_School closing,0.20583869371598218,0.1667116995406647,NA,0.18627519662832343
PAN,Panama,C3_Cancel public events,0.15141019297377536,0.06160497162928938,NA,0.10650758230153237
PAN,Panama,E1_Income support,0.06432459178624443,0.06971088894893272,NA,0.06701774036758858
PAN,Panama,H2_Testing policy,0.05714992577931717,0.03512564171845447,NA,0.046137783748885816
PAN,Panama,C4_Restrictions on gatherings,0.028451261751608115,0.0008105917319643339,NA,0.014630926741786223
PAN,Panama,H3_Contact tracing,0.0,0.0,NA,0.0
PER,Peru,H2_Testing policy,0.9894179894179894,1.0,NA,0.9947089947089947
PER,Peru,C2_Workplace closing,1.0,0.2637695805962607,NA,0.6318847902981304
PER,Peru,H3_Contact tracing,0.5545935545935546,0.5073269327943406,NA,0.5309602436939476
PER,Peru,C5_Close public transport,0.7873977873977874,0.24406265790803436,NA,0.5157302226529109
PER,Peru,C6_Stay at home requirements,0.5670995670995671,0.43102577059120767,NA,0.4990626688453874
PER,Peru,C8_International travel controls,0.7200577200577201,0.11192521475492673,NA,0.4159914674063234
PER,Peru,C7_Restrictions on internal movement,0.3424723424723425,0.10965133906013137,NA,0.22606184076623692
PER,Peru,C1_School closing,0.36075036075036077,0.03208691258211218,NA,0.19641863666623646
PER,Peru,C4_Restrictions on gatherings,0.3241943241943242,0.057857503789792826,NA,0.1910259139920585
PER,Peru,H1_Public information campaigns,0.3785473785473785,0.001010611419909045,NA,0.18977899498364378
PER,Peru,C3_Cancel public events,0.07407407407407407,0.007074279939363315,NA,0.04057417700671869
PER,Peru,E1_Income support,0.0,0.0,NA,0.0
PHL,Philippines,C6_Stay at home requirements,0.9417391304347826,1.0,NA,0.9708695652173913
PHL,Philippines,C8_International travel controls,1.0,0.40965965965965967,NA,0.7048298298298299
PHL,Philippines,C2_Workplace closing,0.6004347826086956,0.4024024024024024,NA,0.501418592505549
PHL,Philippines,C1_School closing,0.28304347826086956,0.18468468468468469,NA,0.23386408147277712
PHL,Philippines,E1_Income support,0.11434782608695652,0.3308308308308308,NA,0.22258932845889368
PHL,Philippines,C3_Cancel public events,0.37565217391304345,0.06231231231231231,NA,0.2189822431126779
PHL,Philippines,C5_Close public transport,0.23695652173913043,0.16741741741741742,NA,0.20218696957827392
PHL,Philippines,H2_Testing policy,0.0013043478260869566,0.27377377377377377,NA,0.13753906079993036
PHL,Philippines,C4_Restrictions on gatherings,0.16434782608695653,0.0467967967967968,NA,0.10557231144187666
PHL,Philippines,H3_Contact tracing,0.0,0.04354354354354354,NA,0.02177177177177177
PHL,Philippines,C7_Restrictions on internal movement,0.024782608695652172,0.0,NA,0.012391304347826086
POL,Poland,C3_Cancel public events,0.6606856776674143,1.0,NA,0.8303428388337071
POL,Poland,C1_School closing,1.0,0.509865005192108,NA,0.754932502596054
POL,Poland,C8_International travel controls,0.5841076578019866,0.6895119418483905,NA,0.6368097998251885
POL,Poland,H1_Public information campaigns,0.5193848125600768,0.16822429906542055,NA,0.3438045558127487
POL,Poland,C4_Restrictions on gatherings,0.25600768984299904,0.2793354101765317,NA,0.2676715500097654
POL,Poland,C5_Close public transport,0.2781159884652355,0.25268258913118724,NA,0.2653992887982114
POL,Poland,C2_Workplace closing,0.24991989746876,0.27137417791623397,NA,0.260647037692497
POL,Poland,C7_Restrictions on internal movement,0.2537648189682794,0.17168570439598477,NA,0.21272526168213207
POL,Poland,H2_Testing policy,0.04742069849407241,0.29214260989961927,NA,0.16978165419684585
POL,Poland,E1_Income support,0.0,0.27379716164762896,NA,0.13689858082381448
POL,Poland,C6_Stay at home requirements,0.1143864146107017,0.10176531671858775,NA,0.10807586566464472
POL,Poland,H3_Contact tracing,0.0,0.0,NA,0.0
PRT,Portugal,C1_School closing,1.0,1.0,NA,1.0
PRT,Portugal,C7_Restrictions on internal movement,0.8549323017408124,0.6123867069486405,NA,0.7336595043447265
PRT,Portugal,C2_Workplace closing,0.7067698259187621,0.45045317220543807,NA,0.5786114990621001
PRT,Portugal,C8_International travel controls,0.6680851063829787,0.1537764350453172,NA,0.41093077071414796
PRT,Portugal,C6_Stay at home requirements,0.3009671179883946,0.3833836858006042,NA,0.3421754018944994
PRT,Portugal,C4_Restrictions on gatherings,0.3806576402321083,0.24410876132930515,NA,0.3123832007807067
PRT,Portugal,H2_Testing policy,0.16402321083172147,0.4589123867069486,NA,0.31146779876933506
PRT,Portugal,C3_Cancel public events,0.2642166344294004,0.17885196374622356,NA,0.22153429908781197
PRT,Portugal,H1_Public information campaigns,0.28085106382978725,0.10060422960725075,NA,0.190727646718519
PRT,Portugal,E1_Income support,0.0769825918762089,0.1930513595166163,NA,0.1350169756964126
PRT,Portugal,H3_Contact tracing,0.020889748549323017,0.15498489425981873,NA,0.08793732140457088
PRT,Portugal,C5_Close public transport,0.0,0.0,NA,0.0
PRI,Puerto Rico,C2_Workplace closing,1.0,1.0,NA,1.0
PRI,Puerto Rico,C8_International travel controls,0.6569817866435386,0.3276726057906459,NA,0.4923271962170922
PRI,Puerto Rico,C4_Restrictions on gatherings,0.5546400693842151,0.24164810690423164,NA,0.39814408814422336
PRI,Puerto Rico,C1_School closing,0.31743278404163056,0.08518930957683742,NA,0.20131104680923398
PRI,Puerto Rico,H3_Contact tracing,0.045099739809193407,0.31681514476614697,NA,0.1809574422876702
PRI,Puerto Rico,H1_Public information campaigns,0.33998265394622723,0.0,NA,0.16999132697311362
PRI,Puerto Rico,E1_Income support,0.034258456201214225,0.18680400890868598,NA,0.1105312325549501
PRI,Puerto Rico,C3_Cancel public events,0.212489158716392,0.0,NA,0.106244579358196
PRI,Puerto Rico,C6_Stay at home requirements,0.04206418039895923,0.07683741648106904,NA,0.059450798440014135
PRI,Puerto Rico,C7_Restrictions on internal movement,0.08499566348655681,0.023106904231625834,NA,0.05405128385909132
PRI,Puerto Rico,H2_Testing policy,0.06374674761491761,0.011135857461024499,NA,0.03744130253797105
PRI,Puerto Rico,C5_Close public transport,0.0,0.0,NA,0.0
QAT,Qatar,C8_International travel controls,0.978515625,1.0,NA,0.9892578125
QAT,Qatar,C3_Cancel public events,1.0,0.2584863661658319,NA,0.6292431830829159
QAT,Qatar,C4_Restrictions on gatherings,0.5670572916666666,0.377573734001113,NA,0.47231551283388984
QAT,Qatar,C7_Restrictions on internal movement,0.5657552083333334,0.28130217028380633,NA,0.42352868930856985
QAT,Qatar,C2_Workplace closing,0.4459635416666667,0.38564273789649417,NA,0.41580313978158046
QAT,Qatar,C1_School closing,0.5709635416666666,0.07178631051752922,NA,0.32137492609209795
QAT,Qatar,C5_Close public transport,0.5013020833333334,0.07568169170840289,NA,0.28849188752086813
QAT,Qatar,E1_Income support,0.4661458333333333,0.10990539788536449,NA,0.2880256156093489
QAT,Qatar,H2_Testing policy,0.169921875,0.27351140790205897,NA,0.22171664145102948
QAT,Qatar,C6_Stay at home requirements,0.08268229166666667,0.003060656649972176,NA,0.04287147415831943
QAT,Qatar,H1_Public information campaigns,0.08528645833333333,0.0,NA,0.042643229166666664
QAT,Qatar,H3_Contact tracing,0.0,0.06232609905397885,NA,0.031163049526989426
ROU,Romania,C5_Close public transport,1.0,0.593235831809872,NA,0.796617915904936
ROU,Romania,C1_School closing,0.687035786630655,0.8126142595978062,NA,0.7498250231142306
ROU,Romania,C4_Restrictions on gatherings,0.39196488858879136,1.0,NA,0.6959824442943957
ROU,Romania,C6_Stay at home requirements,0.74949358541526,0.6028336380255942,NA,0.676163611720427
ROU,Romania,H2_Testing policy,0.1411208642808913,0.823126142595978,NA,0.4821235034384347
ROU,Romania,C2_Workplace closing,0.43045239702903443,0.486745886654479,NA,0.4585991418417567
ROU,Romania,C7_Restrictions on internal movement,0.5307224848075625,0.3039305301645338,NA,0.41732650748604816
ROU,Romania,C3_Cancel public events,0.2849426063470628,0.3962522851919561,NA,0.34059744576950945
ROU,Romania,C8_International travel controls,0.2852802160702228,0.09414990859232175,NA,0.18971506233127228
ROU,Romania,H3_Contact tracing,0.02903443619176232,0.1489945155393053,NA,0.08901447586553381
ROU,Romania,E1_Income support,0.0,0.0,NA,0.0
RUS,Russia,C1_School closing,1.0,1.0,NA,1.0
RUS,Russia,C2_Workplace closing,0.5916247906197655,0.6759888134238913,NA,0.6338068020218284
RUS,Russia,C6_Stay at home requirements,0.563819095477387,0.18617658809428686,NA,0.3749978417858369
RUS,Russia,C4_Restrictions on gatherings,0.559463986599665,0.06292449061126648,NA,0.31119423860546575
RUS,Russia,C8_International travel controls,0.3333333333333333,0.14662405113863364,NA,0.23997869223598348
RUS,Russia,H2_Testing policy,0.2800670016750419,0.14942069516580103,NA,0.21474384842042146
RUS,Russia,C3_Cancel public events,0.24824120603015076,0.023371953655613262,NA,0.13580657984288202
RUS,Russia,E1_Income support,0.10586264656616415,0.13803435876947662,NA,0.12194850266782038
RUS,Russia,C5_Close public transport,0.062311557788944726,0.005593288054334798,NA,0.03395242292163976
RUS,Russia,C7_Restrictions on internal movement,0.05561139028475712,0.0043947263284059125,NA,0.030003058306581516
RUS,Russia,H1_Public information campaigns,0.050921273031825795,0.004194966040751098,NA,0.027558119536288447
RUS,Russia,H3_Contact tracing,0.0,0.0,NA,0.0
SAU,Saudi Arabia,C4_Restrictions on gatherings,1.0,0.5005998800239952,NA,0.7502999400119976
SAU,Saudi Arabia,C2_Workplace closing,0.4053017091035926,1.0,NA,0.7026508545517963
SAU,Saudi Arabia,C6_Stay at home requirements,0.8287408440878967,0.5272945410917816,NA,0.6780176925898391
SAU,Saudi Arabia,C5_Close public transport,0.30833623997209625,0.3215356928614277,NA,0.31493596641676197
SAU,Saudi Arabia,H2_Testing policy,0.26578304848273454,0.32273545290941813,NA,0.29425925069607634
SAU,Saudi Arabia,C8_International travel controls,0.4872689222183467,0.08698260347930414,NA,0.2871257628488254
SAU,Saudi Arabia,C3_Cancel public events,0.20369724450645274,0.13977204559088183,NA,0.17173464504866728
SAU,Saudi Arabia,C7_Restrictions on internal movement,0.21171956749215207,0.1259748050389922,NA,0.16884718626557213
SAU,Saudi Arabia,E1_Income support,0.2242762469480293,0.10227954409118177,NA,0.16327789551960553
SAU,Saudi Arabia,C1_School closing,0.23718172305545868,0.05728854229154169,NA,0.1472351326735002
SAU,Saudi Arabia,H1_Public information campaigns,0.24729682595047087,0.028494301139772044,NA,0.13789556354512145
SAU,Saudi Arabia,H3_Contact tracing,0.0,0.0,NA,0.0
SEN,Senegal,C1_School closing,1.0,1.0,NA,1.0
SEN,Senegal,C8_International travel controls,0.7456567060458652,0.3869767441860465,NA,0.5663167251159559
SEN,Senegal,C4_Restrictions on gatherings,0.5173731758165393,0.5100775193798449,NA,0.5137253475981921
SEN,Senegal,C6_Stay at home requirements,0.5892981236970118,0.23162790697674418,NA,0.410463015336878
SEN,Senegal,C3_Cancel public events,0.2790132036136206,0.5165891472868217,NA,0.39780117545022115
SEN,Senegal,C7_Restrictions on internal movement,0.34746351633078526,0.36186046511627906,NA,0.35466199072353216
SEN,Senegal,H2_Testing policy,0.03648366921473245,0.3475968992248062,NA,0.19204028421976932
SEN,Senegal,E1_Income support,0.11883252258512857,0.1677519379844961,NA,0.14329223028481233
SEN,Senegal,H3_Contact tracing,0.0,0.020775193798449613,NA,0.010387596899224806
SEN,Senegal,H1_Public information campaigns,0.0,0.0,NA,0.0
SRB,Serbia,C2_Workplace closing,0.7847457627118644,0.8980239082703099,NA,0.8413848354910871
SRB,Serbia,C1_School closing,0.6110169491525423,1.0,NA,0.8055084745762712
SRB,Serbia,C4_Restrictions on gatherings,1.0,0.5335447670163455,NA,0.7667723835081728
SRB,Serbia,C8_International travel controls,0.7050847457627119,0.10783117833617956,NA,0.40645796204944573
SRB,Serbia,C6_Stay at home requirements,0.6182203389830508,0.13735057331056355,NA,0.3777854561468072
SRB,Serbia,C3_Cancel public events,0.4923728813559322,0.14735301292998293,NA,0.3198629471429576
SRB,Serbia,C7_Restrictions on internal movement,0.4351694915254237,0.1075872163942425,NA,0.2713783539598331
SRB,Serbia,E1_Income support,0.00211864406779661,0.3735057331056355,NA,0.18781218858671606
SRB,Serbia,H1_Public information campaigns,0.31440677966101693,0.0,NA,0.15720338983050847
SRB,Serbia,H2_Testing policy,0.18898305084745762,0.06977311539399854,NA,0.12937808312072807
SRB,Serbia,H3_Contact tracing,0.0461864406779661,0.001463771651622347,NA,0.023825106164794226
SRB,Serbia,C5_Close public transport,0.0,0.02146865089046109,NA,0.010734325445230545
SGP,Singapore,C2_Workplace closing,1.0,1.0,NA,1.0
SGP,Singapore,C1_School closing,0.8369973190348525,0.7634408602150538,NA,0.8002190896249531
SGP,Singapore,C6_Stay at home requirements,0.7587131367292225,0.16724270353302612,NA,0.46297792013112427
SGP,Singapore,C3_Cancel public events,0.7147453083109919,0.16378648233486942,NA,0.4392658953229307
SGP,Singapore,C4_Restrictions on gatherings,0.5067024128686327,0.19527649769585254,NA,0.3509894552822426
SGP,Singapore,C5_Close public transport,0.38873994638069703,0.14669738863287252,NA,0.26771866750678475
SGP,Singapore,E1_Income support,0.1908847184986595,0.3147081413210445,NA,0.252796429909852
SGP,Singapore,C8_International travel controls,0.27989276139410185,0.0293778801843318,NA,0.15463532078921682
SGP,Singapore,C7_Restrictions on internal movement,0.0,0.0,NA,0.0
ZAF,South Africa,C6_Stay at home requirements,0.7740021574973032,1.0,NA,0.8870010787486515
ZAF,South Africa,C1_School closing,1.0,0.456686291000841,NA,0.7283431455004206
ZAF,South Africa,C2_Workplace closing,0.8306364617044228,0.22455845248107653,NA,0.5275974570927497
ZAF,South Africa,C8_International travel controls,0.4913700107874865,0.045416316232127836,NA,0.2683931635098072
ZAF,South Africa,C3_Cancel public events,0.4034519956850054,0.12867956265769553,NA,0.26606577917135044
ZAF,South Africa,H2_Testing policy,0.2513484358144552,0.27586206896551724,NA,0.2636052523899862
ZAF,South Africa,H1_Public information campaigns,0.5156418554476807,0.009531819456125596,NA,0.26258683745190314
ZAF,South Africa,C7_Restrictions on internal movement,0.3964401294498382,0.028595458368376788,NA,0.2125177939091075
ZAF,South Africa,E1_Income support,0.0,0.17774039809363612,NA,0.08887019904681806
ZAF,South Africa,C5_Close public transport,0.10679611650485436,0.02691337258200168,NA,0.06685474454342802
ZAF,South Africa,C4_Restrictions on gatherings,0.09978425026968717,0.025231286795626577,NA,0.06250776853265687
ZAF,South Africa,H3_Contact tracing,0.028586839266450916,0.0,NA,0.014293419633225458
KOR,South Korea,C2_Workplace closing,1.0,1.0,NA,1.0
KOR,South Korea,C4_Restrictions on gatherings,0.4081398022533916,0.4775731822474032,NA,0.44285649225039736
KOR,South Korea,C1_School closing,0.519889629799954,0.24645892351274787,NA,0.38317427665635095
KOR,South Korea,C3_Cancel public events,0.43067371809611404,0.2471671388101983,NA,0.3389204284531562
KOR,South Korea,C6_Stay at home requirements,0.30857668429524027,0.25401322001888577,NA,0.281294952157063
KOR,South Korea,C8_International travel controls,0.33340997930558747,0.09135977337110482,NA,0.21238487633834613
KOR,South Korea,E1_Income support,0.04345826626810761,0.2745514636449481,NA,0.15900486495652785
KOR,South Korea,H1_Public information campaigns,0.1225569096343987,0.0,NA,0.06127845481719935
KOR,South Korea,C7_Restrictions on internal movement,0.04023913543343297,0.017469310670443813,NA,0.028854223051938393
KOR,South Korea,H3_Contact tracing,0.0,0.056657223796033995,NA,0.028328611898016998
KOR,South Korea,H2_Testing policy,0.008277765003449069,0.002124645892351275,NA,0.005201205447900172
ESP,Spain,C2_Workplace closing,1.0,1.0,NA,1.0
ESP,Spain,C1_School closing,0.8171896316507503,0.8741935483870967,NA,0.8456915900189235
ESP,Spain,C4_Restrictions on gatherings,0.6821282401091405,0.36548387096774193,NA,0.5238060555384412
ESP,Spain,C6_Stay at home requirements,0.5347885402455662,0.0832258064516129,NA,0.30900717334858957
ESP,Spain,H2_Testing policy,0.34686221009549795,0.19096774193548388,NA,0.2689149760154909
ESP,Spain,E1_Income support,0.3431105047748977,0.0982258064516129,NA,0.22066815561325528
ESP,Spain,C5_Close public transport,0.2755798090040928,0.07725806451612903,NA,0.17641893676011092
ESP,Spain,C8_International travel controls,0.3165075034106412,0.0070967741935483875,NA,0.1618021388020948
ESP,Spain,C3_Cancel public events,0.23260572987721692,0.0,NA,0.11630286493860846
ESP,Spain,C7_Restrictions on internal movement,0.16098226466575716,0.023709677419354837,NA,0.092345971042556
ESP,Spain,H3_Contact tracing,0.0,0.04854838709677419,NA,0.024274193548387096
SDN,Sudan,C2_Workplace closing,1.0,1.0,NA,1.0
SDN,Sudan,C8_International travel controls,0.8804920913884007,0.3129268292682927,NA,0.5967094603283467
SDN,Sudan,C5_Close public transport,0.6859988283538372,0.26439024390243904,NA,0.4751945361281381
SDN,Sudan,H1_Public information campaigns,0.7768014059753954,0.01731707317073171,NA,0.39705923957306355
SDN,Sudan,C7_Restrictions on internal movement,0.591095489162273,0.09048780487804878,NA,0.34079164702016085
SDN,Sudan,C6_Stay at home requirements,0.5869947275922671,0.08292682926829269,NA,0.3349607784302799
SDN,Sudan,E1_Income support,0.3145869947275923,0.28560975609756095,NA,0.3000983754125766
SDN,Sudan,C1_School closing,0.44932630345635616,0.07341463414634146,NA,0.2613704688013488
SDN,Sudan,H2_Testing policy,0.15582893966022263,0.0,NA,0.07791446983011131
SDN,Sudan,H3_Contact tracing,0.11364967779730521,0.0021951219512195124,NA,0.05792239987426236
SDN,Sudan,C3_Cancel public events,0.018746338605741066,0.001951219512195122,NA,0.010348779058968093
SDN,Sudan,C4_Restrictions on gatherings,0.0,0.0,NA,0.0
SWE,Sweden,C1_School closing,0.849762066621346,0.7359580052493438,NA,0.7928600359353449
SWE,Sweden,C7_Restrictions on internal movement,0.4989802855200544,1.0,NA,0.7494901427600272
SWE,Sweden,C4_Restrictions on gatherings,1.0,0.131496062992126,NA,0.565748031496063
SWE,Sweden,H2_Testing policy,0.30659415363698167,0.3648293963254593,NA,0.3357117749812205
SWE,Sweden,C3_Cancel public events,0.44391570360299115,0.2183727034120735,NA,0.3311442035075323
SWE,Sweden,C2_Workplace closing,0.39632902787219576,0.1700787401574803,NA,0.28320388401483804
SWE,Sweden,H1_Public information campaigns,0.39428959891230453,0.09396325459317585,NA,0.24412642675274018
SWE,Sweden,C8_International travel controls,0.4309993201903467,0.0,NA,0.21549966009517335
SWE,Sweden,E1_Income support,0.020394289598912305,0.05590551181102362,NA,0.03814990070496796
SWE,Sweden,H3_Contact tracing,0.0,0.051443569553805774,NA,0.025721784776902887
CHE,Switzerland,C1_School closing,0.9087348217783,1.0,NA,0.95436741088915
CHE,Switzerland,C2_Workplace closing,0.8335291813552683,0.7209028920761815,NA,0.7772160367157249
CHE,Switzerland,C4_Restrictions on gatherings,1.0,0.3581001645897014,NA,0.6790500822948506
CHE,Switzerland,H1_Public information campaigns,0.5389737563650607,0.06771690571361393,NA,0.3033453310393373
CHE,Switzerland,H2_Testing policy,0.4437916177046612,0.14248765577239594,NA,0.29313963673852855
CHE,Switzerland,C6_Stay at home requirements,0.3791617704661183,0.08558664472137315,NA,0.23237420759374572
CHE,Switzerland,E1_Income support,0.07050528789659224,0.36491888079003054,NA,0.2177120843433114
CHE,Switzerland,C7_Restrictions on internal movement,0.29142185663924797,0.0,NA,0.14571092831962398
CHE,Switzerland,C8_International travel controls,0.05718762240501371,0.0047025628967787446,NA,0.030945092650896226
CHE,Switzerland,H3_Contact tracing,0.0,0.006113331765812368,NA,0.003056665882906184
TUR,Turkey,C6_Stay at home requirements,0.8004032258064516,0.7657032755298652,NA,0.7830532506681585
TUR,Turkey,C8_International travel controls,1.0,0.09171483622350675,NA,0.5458574181117534
TUR,Turkey,E1_Income support,0.015793010752688172,1.0,NA,0.5078965053763441
TUR,Turkey,C7_Restrictions on internal movement,0.5070564516129032,0.5028901734104047,NA,0.504973312511654
TUR,Turkey,C2_Workplace closing,0.3172043010752688,0.3934489402697495,NA,0.3553266206725092
TUR,Turkey,H3_Contact tracing,0.0,0.6763005780346821,NA,0.33815028901734107
TUR,Turkey,C5_Close public transport,0.23387096774193547,0.3221579961464355,NA,0.2780144819441855
TUR,Turkey,C1_School closing,0.1737231182795699,0.28053949903660885,NA,0.2271313086580894
TUR,Turkey,C3_Cancel public events,0.1868279569892473,0.11290944123314066,NA,0.149868699111194
TUR,Turkey,H1_Public information campaigns,0.22748655913978494,0.0,NA,0.11374327956989247
TUR,Turkey,H2_Testing policy,0.007728494623655914,0.04508670520231214,NA,0.026407599912984026
UKR,Ukraine,C1_School closing,1.0,0.8898888300688195,NA,0.9449444150344097
UKR,Ukraine,C2_Workplace closing,0.47879722436391675,1.0,NA,0.7393986121819583
UKR,Ukraine,C6_Stay at home requirements,0.7062451811873555,0.7188988883006882,NA,0.7125720347440219
UKR,Ukraine,C4_Restrictions on gatherings,0.7710100231303006,0.3467443091582848,NA,0.5588771661442927
UKR,Ukraine,C3_Cancel public events,0.40015420200462604,0.6744309158284807,NA,0.5372925589165534
UKR,Ukraine,H2_Testing policy,0.4074787972243639,0.5320275277924827,NA,0.46975316250842336
UKR,Ukraine,C8_International travel controls,0.5208172706245181,0.30015881418740076,NA,0.41048804240595943
UKR,Ukraine,C5_Close public transport,0.36584425597532766,0.42138697723663315,NA,0.39361561660598043
UKR,Ukraine,H3_Contact tracing,0.1341557440246723,0.5854949708840657,NA,0.359825357454369
UKR,Ukraine,H1_Public information campaigns,0.35697764070932925,0.017998941238750663,NA,0.18748829097403996
UKR,Ukraine,C7_Restrictions on internal movement,0.013107170393215111,0.018528321863419798,NA,0.015817746128317454
UKR,Ukraine,E1_Income support,0.0,0.0,NA,0.0
ARE,United Arab Emirates,C6_Stay at home requirements,1.0,0.7311592761980513,NA,0.8655796380990257
ARE,United Arab Emirates,C2_Workplace closing,0.5490196078431373,1.0,NA,0.7745098039215687
ARE,United Arab Emirates,C3_Cancel public events,0.537525354969574,0.3646848279976138,NA,0.4511050914835939
ARE,United Arab Emirates,C8_International travel controls,0.6091954022988506,0.22290713859614236,NA,0.41605127044749646
ARE,United Arab Emirates,C5_Close public transport,0.47396889790398916,0.27540266454563533,NA,0.3746857812248122
ARE,United Arab Emirates,C1_School closing,0.4949290060851927,0.19526744879697752,NA,0.3450982274410851
ARE,United Arab Emirates,C4_Restrictions on gatherings,0.34279918864097364,0.19129051501292504,NA,0.26704485182694937
ARE,United Arab Emirates,C7_Restrictions on internal movement,0.3654496281271129,0.13243189500894811,NA,0.24894076156803052
ARE,United Arab Emirates,H2_Testing policy,0.2927653820148749,0.10061642473652814,NA,0.19669090337570153
ARE,United Arab Emirates,H1_Public information campaigns,0.2515212981744422,0.02883276993438059,NA,0.1401770340544114
ARE,United Arab Emirates,H3_Contact tracing,0.0,0.0,NA,0.0
GBR,United Kingdom,C6_Stay at home requirements,1.0,1.0,NA,1.0
GBR,United Kingdom,C2_Workplace closing,0.9182833627278072,0.2967870155680689,NA,0.607535189147938
GBR,United Kingdom,H3_Contact tracing,0.623750734861846,0.5823120238489566,NA,0.6030313793554013
GBR,United Kingdom,C7_Restrictions on internal movement,0.8377425044091711,0.3627028817489235,NA,0.6002226930790473
GBR,United Kingdom,C1_School closing,0.41211052322163433,0.5488572374958596,NA,0.48048388035874695
GBR,United Kingdom,C5_Close public transport,0.39976484420928865,0.2951308380258364,NA,0.34744784111756255
GBR,United Kingdom,C8_International travel controls,0.5261610817166372,0.14210003312355085,NA,0.334130557420094
GBR,United Kingdom,C3_Cancel public events,0.5573192239858906,0.10599536270288175,NA,0.3316572933443862
GBR,United Kingdom,H1_Public information campaigns,0.40681951793062904,0.08976482278900298,NA,0.24829217035981602
GBR,United Kingdom,H2_Testing policy,0.14873603762492651,0.302749254720106,NA,0.22574264617251627
GBR,United Kingdom,C4_Restrictions on gatherings,0.07995296884185774,0.0,NA,0.03997648442092887
GBR,United Kingdom,E1_Income support,0.0,0.009274594236502154,NA,0.004637297118251077
USA,United States,C2_Workplace closing,1.0,1.0,NA,1.0
USA,United States,C4_Restrictions on gatherings,0.9770425388251182,0.5717842323651452,NA,0.7744133855951316
USA,United States,C3_Cancel public events,0.9918973666441594,0.204149377593361,NA,0.5980233721187602
USA,United States,C8_International travel controls,0.9817690749493585,0.0,NA,0.49088453747467925
USA,United States,C6_Stay at home requirements,0.4085077650236327,0.283402489626556,NA,0.34595512732509437
USA,United States,C7_Restrictions on internal movement,0.399729912221472,0.22033195020746887,NA,0.31003093121447045
USA,United States,C1_School closing,0.4699527346387576,0.11369294605809128,NA,0.29182284034842443
USA,United States,C5_Close public transport,0.3349088453747468,0.2228215767634855,NA,0.27886521106911616
USA,United States,H1_Public information campaigns,0.2822417285617826,0.19211618257261412,NA,0.23717895556719837
USA,United States,H2_Testing policy,0.2437542201215395,0.08796680497925312,NA,0.1658605125503963
USA,United States,E1_Income support,0.0,0.3153526970954357,NA,0.15767634854771784
UZB,Uzbekistan,C2_Workplace closing,0.8773168578993822,0.983085250338295,NA,0.9302010541188386
UZB,Uzbekistan,C4_Restrictions on gatherings,1.0,0.8288227334235453,NA,0.9144113667117726
UZB,Uzbekistan,C1_School closing,0.6712268314210061,1.0,NA,0.8356134157105031
UZB,Uzbekistan,C8_International travel controls,0.7321270962047661,0.5392422192151556,NA,0.6356846577099609
UZB,Uzbekistan,C6_Stay at home requirements,0.37466902030008825,0.5317997293640054,NA,0.45323437483204687
UZB,Uzbekistan,C5_Close public transport,0.42718446601941745,0.3261163734776725,NA,0.37665041974854496
UZB,Uzbekistan,C7_Restrictions on internal movement,0.4148278905560459,0.27604871447902574,NA,0.3454383025175358
UZB,Uzbekistan,H1_Public information campaigns,0.39805825242718446,0.11840324763193505,NA,0.25823075002955975
UZB,Uzbekistan,H2_Testing policy,0.1354810238305384,0.0,NA,0.0677405119152692
UZB,Uzbekistan,H3_Contact tracing,0.03927625772285966,0.0,NA,0.01963812886142983
UZB,Uzbekistan,C3_Cancel public events,0.0,0.006765899864682003,NA,0.0033829499323410014
VEN,Venezuela,C5_Close public transport,0.7665036674816625,1.0,NA,0.8832518337408313
VEN,Venezuela,C4_Restrictions on gatherings,1.0,0.37327893931667516,NA,0.6866394696583376
VEN,Venezuela,C2_Workplace closing,0.44376528117359415,0.9020907700152984,NA,0.6729280255944463
VEN,Venezuela,C6_Stay at home requirements,0.7145476772616137,0.1172870984191739,NA,0.4159173878403938
VEN,Venezuela,C1_School closing,0.3160146699266504,0.239673635900051,NA,0.2778441529133507
VEN,Venezuela,H1_Public information campaigns,0.4229828850855746,0.01223865374808771,NA,0.21761076941683113
VEN,Venezuela,C8_International travel controls,0.27995110024449876,0.07496175420703723,NA,0.177456427225768
VEN,Venezuela,C3_Cancel public events,0.3050122249388753,0.0,NA,0.15250611246943765
VEN,Venezuela,H2_Testing policy,0.0,0.27842937276899543,NA,0.13921468638449772
VEN,Venezuela,C7_Restrictions on internal movement,0.06295843520782396,0.05405405405405406,NA,0.05850624463093901
