Date,Status,TT,AN,AP,AR,AS,BR,CH,CT,DN,DD,DL,GA,GJ,HR,HP,JK,JH,KA,KL,LA,LD,MP,MH,MN,ML,MZ,NL,OR,PY,PB,RJ,SK,TN,TG,TR,UP,UT,WB,UN
14-Mar-20,Confirmed,81,0,1,0,0,0,0,0,0,0,7,0,0,14,0,2,0,6,19,0,0,0,14,0,0,0,0,0,0,1,3,0,1,1,0,12,0,0,0
14-Mar-20,Recovered,9,0,0,0,0,0,0,0,0,0,1,0,0,0,0,0,0,0,3,0,0,0,0,0,0,0,0,0,0,0,1,0,0,0,0,4,0,0,0
14-Mar-20,Deceased,2,0,0,0,0,0,0,0,0,0,1,0,0,0,0,0,0,1,0,0,0,0,0,0,0,0,0,0,0,0,0,0,0,0,0,0,0,0,0
15-Mar-20,Confirmed,27,0,0,0,0,0,0,0,0,0,0,0,0,0,0,0,0,0,5,0,0,0,18,0,0,0,0,0,0,0,1,0,0,2,0,1,0,0,0
15-Mar-20,Recovered,4,0,0,0,0,0,0,0,0,0,1,0,0,0,0,0,0,0,0,0,0,0,0,0,0,0,0,0,0,0,2,0,0,1,0,0,0,0,0
15-Mar-20,Deceased,0,0,0,0,0,0,0,0,0,0,0,0,0,0,0,0,0,0,0,0,0,0,0,0,0,0,0,0,0,0,0,0,0,0,0,0,0,0,0
16-Mar-20,Confirmed,15,0,0,0,0,0,0,0,0,0,0,0,0,0,0,1,0,1,3,0,0,0,6,0,0,0,0,1,1,0,0,0,0,1,0,0,1,0,0
16-Mar-20,Recovered,1,0,0,0,0,0,0,0,0,0,0,0,0,0,0,0,0,0,0,0,0,0,0,0,0,0,0,0,0,0,0,0,1,0,0,0,0,0,0
16-Mar-20,Deceased,0,0,0,0,0,0,0,0,0,0,0,0,0,0,0,0,0,0,0,0,0,0,0,0,0,0,0,0,0,0,0,0,0,0,0,0,0,0,0
17-Mar-20,Confirmed,11,0,0,0,0,0,0,0,0,0,1,0,0,1,0,0,0,2,0,0,0,0,3,0,0,0,0,0,0,0,0,0,0,1,0,2,0,1,0
17-Mar-20,Recovered,1,0,0,0,0,0,0,0,0,0,0,0,0,0,0,0,0,0,0,0,0,0,0,0,0,0,0,0,0,0,0,0,0,0,0,1,0,0,0
17-Mar-20,Deceased,1,0,0,0,0,0,0,0,0,0,0,0,0,0,0,0,0,0,0,0,0,0,1,0,0,0,0,0,0,0,0,0,0,0,0,0,0,0,0
18-Mar-20,Confirmed,37,0,0,0,0,0,0,0,0,0,2,0,0,1,0,1,0,5,0,8,0,0,3,0,0,0,0,1,0,1,3,0,1,8,0,2,1,0,0
18-Mar-20,Recovered,0,0,0,0,0,0,0,0,0,0,0,0,0,0,0,0,0,0,0,0,0,0,0,0,0,0,0,0,0,0,0,0,0,0,0,0,0,0,0
18-Mar-20,Deceased,0,0,0,0,0,0,0,0,0,0,0,0,0,0,0,0,0,0,0,0,0,0,0,0,0,0,0,0,0,0,0,0,0,0,0,0,0,0,0
19-Mar-20,Confirmed,27,0,2,0,0,0,1,1,0,0,4,0,2,1,0,0,0,1,1,0,0,0,4,0,0,0,0,0,0,0,2,0,1,3,0,3,1,0,0
19-Mar-20,Recovered,5,0,0,0,0,0,0,0,0,0,1,0,0,0,0,0,0,0,0,0,0,0,0,0,0,0,0,0,0,0,0,0,0,0,0,4,0,0,0
19-Mar-20,Deceased,1,0,0,0,0,0,0,0,0,0,0,0,0,0,0,0,0,0,0,0,0,0,0,0,0,0,0,0,0,1,0,0,0,0,0,0,0,0,0
20-Mar-20,Confirmed,58,0,0,0,0,0,4,0,0,0,6,0,5,2,2,0,0,0,12,2,0,4,4,0,0,0,0,0,0,1,8,0,0,3,0,4,0,1,0
20-Mar-20,Recovered,3,0,0,0,0,0,0,0,0,0,2,0,0,0,0,0,0,1,0,0,0,0,0,0,0,0,0,0,0,0,0,0,0,0,0,0,0,0,0
20-Mar-20,Deceased,0,0,0,0,0,0,0,0,0,0,0,0,0,0,0,0,0,0,0,0,0,0,0,0,0,0,0,0,0,0,0,0,0,0,0,0,0,0,0
21-Mar-20,Confirmed,78,0,2,0,0,0,0,0,0,0,7,0,7,2,0,0,0,5,12,3,0,0,12,0,0,0,0,0,0,10,7,0,3,2,0,4,0,2,0
21-Mar-20,Recovered,0,0,0,0,0,0,0,0,0,0,0,0,0,0,0,0,0,0,0,0,0,0,0,0,0,0,0,0,0,0,0,0,0,0,0,0,0,0,0
21-Mar-20,Deceased,0,0,0,0,0,0,0,0,0,0,0,0,0,0,0,0,0,0,0,0,0,0,0,0,0,0,0,0,0,0,0,0,0,0,0,0,0,0,0
22-Mar-20,Confirmed,67,0,1,0,0,2,1,0,0,0,0,0,4,0,0,0,0,6,15,0,0,2,10,0,0,0,0,0,0,8,4,0,3,6,0,2,0,3,0
22-Mar-20,Recovered,0,0,0,0,0,0,0,0,0,0,0,0,0,0,0,0,0,0,0,0,0,0,0,0,0,0,0,0,0,0,0,0,0,0,0,0,0,0,0
22-Mar-20,Deceased,3,0,0,0,0,1,0,0,0,0,0,0,1,0,0,0,0,0,0,0,0,0,1,0,0,0,0,0,0,0,0,0,0,0,0,0,0,0,0
23-Mar-20,Confirmed,102,0,1,0,0,1,1,0,0,0,3,0,12,7,1,0,0,7,28,0,0,0,23,0,0,0,0,0,0,2,4,0,3,6,0,2,1,0,0
23-Mar-20,Recovered,12,0,0,0,0,0,0,0,0,0,0,0,0,11,0,0,0,1,0,0,0,0,0,0,0,0,0,0,0,0,0,0,0,0,0,0,0,0,0
23-Mar-20,Deceased,2,0,0,0,0,0,0,0,0,0,0,0,0,0,1,0,0,0,0,0,0,0,0,0,0,0,0,0,0,0,0,0,0,0,0,0,0,1,0
24-Mar-20,Confirmed,64,0,1,0,0,0,0,0,0,0,0,0,4,2,0,2,0,8,14,0,0,1,10,1,0,0,0,0,0,6,0,0,6,4,0,3,0,2,0
24-Mar-20,Recovered,5,0,0,0,0,0,0,0,0,0,1,0,0,0,0,0,0,1,1,0,0,0,0,0,0,0,0,0,0,0,0,0,0,0,0,2,0,0,0
24-Mar-20,Deceased,1,0,0,0,0,0,0,0,0,0,0,0,0,0,0,0,0,0,0,0,0,0,0,0,0,0,0,0,0,0,0,0,1,0,0,0,0,0,0
25-Mar-20,Confirmed,90,0,2,0,0,1,0,2,0,0,5,3,4,1,0,5,0,10,9,0,0,8,15,0,0,1,0,0,0,2,6,0,8,4,0,3,1,0,0
25-Mar-20,Recovered,3,0,1,0,0,0,0,0,0,0,0,0,0,0,0,1,0,0,0,0,0,0,1,0,0,0,0,0,0,0,0,0,0,0,0,0,0,0,0
25-Mar-20,Deceased,1,0,0,0,0,0,0,0,0,0,0,0,0,0,0,0,0,0,0,0,0,1,0,0,0,0,0,0,0,0,0,0,0,0,0,0,0,0,0
26-Mar-20,Confirmed,65,1,1,0,0,3,0,3,0,0,1,0,5,1,0,3,0,4,19,0,0,5,3,0,0,0,0,1,0,2,2,0,3,3,0,4,0,1,0
26-Mar-20,Recovered,7,0,0,0,0,0,0,0,0,0,0,0,0,0,0,0,0,0,7,0,0,0,0,0,0,0,0,0,0,0,0,0,0,0,0,0,0,0,0
26-Mar-20,Deceased,5,0,0,0,0,0,0,0,0,0,0,0,2,0,0,1,0,1,0,0,0,0,1,0,0,0,0,0,0,0,0,0,0,0,0,0,0,0,0
27-Mar-20,Confirmed,164,5,2,0,0,2,1,0,0,0,4,0,4,1,0,6,0,9,39,0,0,9,31,0,0,0,0,0,0,5,10,0,9,15,0,7,0,5,0
27-Mar-20,Recovered,26,0,0,0,0,0,0,0,0,0,0,0,0,0,1,0,0,2,0,3,0,0,18,0,0,0,0,0,0,1,0,0,1,0,0,0,0,0,0
27-Mar-20,Deceased,3,0,0,0,0,0,0,0,0,0,0,0,0,0,0,0,0,1,0,0,0,1,1,0,0,0,0,0,0,0,0,0,0,0,0,0,0,0,0
28-Mar-20,Confirmed,143,3,6,0,0,2,0,1,0,0,9,0,8,2,0,13,0,17,6,0,0,10,30,0,0,0,0,0,0,0,4,0,4,8,0,16,1,3,0
28-Mar-20,Recovered,9,0,0,0,0,0,0,0,0,0,0,0,0,0,1,0,0,0,1,0,0,0,6,0,0,0,0,0,0,0,0,0,0,0,0,0,1,0,0
28-Mar-20,Deceased,5,0,0,0,0,0,0,0,0,0,0,0,1,0,0,0,0,0,1,0,0,0,2,0,0,0,0,0,0,0,0,0,0,1,0,0,0,0,0
29-Mar-20,Confirmed,110,0,2,0,0,4,0,0,0,0,23,2,8,0,0,5,0,2,20,0,0,0,17,0,0,0,0,0,0,0,5,0,8,3,0,7,1,3,0
29-Mar-20,Recovered,5,0,0,0,0,0,0,0,0,0,0,0,1,0,0,0,0,0,4,0,0,0,0,0,0,0,0,0,0,0,0,0,0,0,0,0,0,0,0
29-Mar-20,Deceased,3,0,0,0,0,0,0,0,0,0,1,0,1,0,0,0,0,0,0,0,0,0,1,0,0,0,0,0,0,0,0,0,0,0,0,0,0,0,0
30-Mar-20,Confirmed,187,1,2,0,0,0,5,1,0,0,25,0,7,1,0,11,0,5,32,0,0,8,17,0,0,0,0,0,0,3,20,0,17,7,0,24,0,1,0
30-Mar-20,Recovered,49,0,0,0,0,0,0,0,0,0,0,0,2,6,0,0,0,1,4,0,0,0,14,0,0,0,0,0,0,0,0,0,2,13,0,6,1,0,0
30-Mar-20,Deceased,13,0,0,0,0,0,0,0,0,0,0,0,1,0,0,0,0,0,0,0,0,2,2,0,0,0,0,0,0,2,0,0,0,5,0,0,0,1,0
31-Mar-20,Confirmed,309,0,21,0,1,6,2,1,0,0,23,0,4,7,0,6,1,13,7,0,0,19,82,0,0,0,0,1,0,1,14,0,57,20,0,8,0,15,0
31-Mar-20,Recovered,15,0,0,0,0,0,0,2,0,0,0,0,2,0,0,0,0,2,4,0,0,0,0,0,0,0,0,0,0,0,0,0,2,0,0,0,0,3,0
31-Mar-20,Deceased,6,0,0,0,0,0,0,0,0,0,0,0,0,0,0,1,0,0,1,0,0,1,1,0,0,0,0,0,0,1,0,0,0,0,0,0,0,1,0
01-Apr-20,Confirmed,424,0,67,0,15,3,2,0,0,0,32,0,13,0,0,7,0,9,24,0,0,32,33,0,0,0,0,1,2,4,27,0,110,30,0,13,0,0,0
01-Apr-20,Recovered,16,0,1,0,0,0,0,0,0,0,0,0,0,10,0,1,0,1,2,0,0,0,0,0,0,0,0,1,0,0,0,0,0,0,0,0,0,0,0
01-Apr-20,Deceased,9,0,0,0,0,0,0,0,0,0,0,0,0,0,0,0,0,0,0,0,0,1,3,0,0,0,0,0,0,0,0,0,0,3,0,2,0,0,0
02-Apr-20,Confirmed,486,0,38,1,0,5,1,0,0,0,141,0,1,6,3,8,1,14,21,0,0,9,88,1,0,0,0,0,2,1,13,0,75,27,0,11,3,16,0
02-Apr-20,Recovered,22,0,0,0,0,3,0,1,0,0,2,0,5,0,0,1,0,2,2,0,0,0,3,0,0,0,0,0,0,0,0,0,0,3,0,0,0,0,0
02-Apr-20,Deceased,14,0,0,0,0,0,0,0,0,0,2,0,1,0,0,0,0,0,0,0,0,2,8,0,0,0,0,0,0,1,0,0,0,0,0,0,0,0,0
03-Apr-20,Confirmed,560,0,15,0,7,2,0,0,0,0,93,1,7,9,0,5,0,4,9,1,0,47,64,0,0,0,0,15,0,6,46,0,102,75,0,46,6,0,0
03-Apr-20,Recovered,38,0,0,0,0,0,0,0,0,0,0,0,0,0,0,0,0,0,14,0,0,0,8,0,0,0,0,1,0,0,0,0,0,15,0,0,0,0,0
03-Apr-20,Deceased,14,0,1,0,0,0,0,0,0,0,2,0,2,0,1,0,0,1,0,0,0,0,5,0,0,0,0,0,0,0,0,0,0,2,0,0,0,0,0
04-Apr-20,Confirmed,579,0,28,0,3,1,0,1,0,0,59,1,13,26,7,17,0,16,11,0,0,25,148,0,0,0,0,1,0,12,27,0,74,43,0,60,6,0,0
04-Apr-20,Recovered,56,0,0,0,0,0,3,0,0,0,8,0,3,1,0,0,0,0,8,0,0,0,2,0,0,0,0,0,0,2,22,0,2,1,0,4,0,0,0
04-Apr-20,Deceased,13,0,0,0,0,0,0,0,0,0,0,0,1,0,0,0,0,0,0,0,0,3,6,0,0,0,0,0,0,0,1,0,2,0,0,0,0,0,0
05-Apr-20,Confirmed,609,0,64,0,0,0,0,0,0,0,58,0,20,6,1,14,1,7,8,0,0,14,112,0,0,0,0,18,0,3,60,0,86,62,0,44,4,27,0
05-Apr-20,Recovered,43,0,3,0,0,0,2,5,0,0,0,0,8,0,0,1,0,1,6,0,0,3,4,0,0,0,0,0,0,1,0,0,0,0,0,0,2,7,0
05-Apr-20,Deceased,22,0,0,0,0,0,0,0,0,0,1,0,1,0,0,0,0,0,0,0,0,2,13,0,0,0,0,0,0,2,0,0,2,0,0,1,0,0,0
06-Apr-20,Confirmed,484,0,47,0,0,0,0,0,0,0,22,0,18,20,4,3,1,12,13,0,0,63,121,0,0,0,0,1,0,11,35,0,50,30,1,27,5,0,0
06-Apr-20,Recovered,65,0,0,0,0,6,0,0,0,0,0,0,1,0,0,0,0,8,3,7,0,8,14,1,0,0,0,0,0,0,0,0,5,12,0,0,0,0,0
06-Apr-20,Deceased,16,0,2,0,0,0,0,0,0,0,0,0,1,2,0,0,0,0,0,0,0,2,7,0,0,0,0,0,0,0,1,0,1,0,0,0,0,0,0
07-Apr-20,Confirmed,572,0,11,0,2,6,0,0,0,0,51,0,29,33,9,16,0,12,9,0,0,34,150,0,0,0,0,2,0,20,42,0,69,40,0,27,0,11,0
07-Apr-20,Recovered,75,0,0,0,0,6,2,1,0,0,4,0,3,2,1,0,0,5,12,0,0,10,9,0,0,0,0,0,1,10,0,0,6,0,0,0,0,3,0
07-Apr-20,Deceased,27,0,1,0,0,0,0,0,0,0,2,0,2,0,0,1,0,0,0,0,0,6,12,0,0,0,0,1,0,1,0,0,1,0,0,0,0,0,0
08-Apr-20,Confirmed,565,1,34,0,0,1,0,0,0,0,93,0,11,24,0,33,0,6,9,0,0,51,117,0,0,0,0,0,0,7,40,0,48,49,0,29,4,8,0
08-Apr-20,Recovered,96,0,1,0,0,0,0,0,0,0,1,0,0,1,0,2,0,3,13,0,0,4,38,0,0,0,0,0,0,0,20,0,2,0,0,10,1,0,0
08-Apr-20,Deceased,20,0,0,0,0,0,0,0,0,0,0,0,2,0,0,0,0,1,0,0,0,3,8,0,0,0,0,0,0,1,1,0,1,0,0,1,0,2,0
09-Apr-20,Confirmed,813,0,15,0,1,19,0,8,0,0,51,0,76,3,1,26,9,16,12,0,0,70,229,0,0,0,0,6,0,24,80,0,96,18,0,49,0,4,0
09-Apr-20,Recovered,70,10,4,0,0,0,0,0,0,0,4,0,1,0,0,0,0,2,13,0,0,0,8,0,0,0,0,0,0,4,15,0,6,0,0,0,0,3,0
09-Apr-20,Deceased,46,0,2,0,0,0,0,0,0,0,3,0,2,0,0,1,1,1,0,0,0,9,25,0,0,0,0,0,0,1,0,0,0,1,0,0,0,0,0
10-Apr-20,Confirmed,871,0,18,0,0,2,1,0,0,0,183,0,116,6,0,23,1,10,7,1,0,40,210,0,0,0,0,2,2,21,98,0,77,16,1,23,0,13,0
10-Apr-20,Recovered,151,0,0,0,0,0,0,0,0,0,2,1,7,4,0,0,0,4,27,1,0,12,63,0,0,0,0,10,0,2,0,0,17,0,0,1,0,0,0
10-Apr-20,Deceased,22,0,0,0,1,0,0,0,0,0,2,0,1,0,0,0,0,0,0,0,0,4,12,0,0,0,0,0,0,1,0,0,1,0,0,0,0,0,0
11-Apr-20,Confirmed,854,0,24,0,0,4,0,7,0,0,166,0,90,3,4,17,3,8,10,0,0,78,187,0,0,0,0,4,0,7,139,0,58,16,0,19,0,10,0
11-Apr-20,Recovered,186,0,0,0,0,0,0,0,0,0,0,4,11,0,6,0,0,5,19,0,0,1,20,0,0,0,0,0,0,0,56,0,0,51,0,13,0,0,0
11-Apr-20,Deceased,40,0,0,0,0,0,0,0,0,0,5,0,3,0,0,0,0,0,1,0,0,4,17,0,0,0,0,0,0,1,6,0,1,2,0,1,0,0,0
12-Apr-20,Confirmed,758,0,15,0,1,0,2,6,0,0,85,0,48,16,0,21,2,17,2,0,0,33,221,0,0,0,0,0,0,12,104,0,106,28,0,31,0,8,0
12-Apr-20,Recovered,114,0,2,0,0,11,0,1,0,0,1,0,0,8,4,0,0,15,36,0,0,3,9,0,0,0,0,0,0,3,5,0,6,7,0,0,0,3,0
12-Apr-20,Deceased,42,0,1,0,0,0,0,0,0,0,5,0,2,1,0,0,1,0,0,0,0,3,22,0,0,0,0,0,0,0,2,0,1,2,0,0,0,2,0
13-Apr-20,Confirmed,1243,0,19,0,2,2,0,0,0,0,356,0,56,1,0,25,5,15,3,2,0,52,352,0,1,0,0,1,0,6,93,0,98,61,0,75,0,18,0
13-Apr-20,Recovered,112,0,0,0,0,2,0,0,0,0,3,0,10,7,0,10,0,6,19,1,0,10,12,0,0,0,0,6,0,2,0,0,8,0,0,4,2,10,0
13-Apr-20,Deceased,27,0,0,0,0,0,0,0,0,0,4,0,2,0,0,0,0,2,0,0,0,7,11,0,0,0,0,0,0,0,0,0,0,1,0,0,0,0,0
14-Apr-20,Confirmed,1031,0,45,0,1,0,0,2,0,0,51,0,78,2,1,8,3,13,8,0,0,127,346,0,0,0,0,5,0,8,108,0,31,52,0,102,2,38,0
14-Apr-20,Recovered,167,0,4,0,0,1,0,3,0,0,0,0,5,4,1,14,0,11,13,0,0,13,30,0,0,0,0,0,0,2,26,0,23,7,0,1,2,7,0
14-Apr-20,Deceased,37,0,4,0,0,0,0,0,0,0,2,0,2,0,0,0,0,2,0,0,0,3,18,0,0,0,0,0,0,1,0,0,1,1,0,3,0,0,0
15-Apr-20,Confirmed,886,0,41,0,0,6,0,0,0,0,17,0,116,6,2,22,1,19,1,1,0,197,236,0,6,0,0,0,0,2,71,0,38,6,0,75,0,23,0
15-Apr-20,Recovered,144,0,4,1,2,0,2,4,0,0,10,1,5,2,0,6,0,9,7,0,0,0,36,0,0,0,0,1,0,0,0,0,37,8,1,7,0,1,0
15-Apr-20,Deceased,27,0,3,0,0,0,0,0,0,0,2,0,5,0,0,0,0,2,0,0,0,0,9,0,1,0,0,0,0,0,0,0,2,0,0,3,0,0,0
16-Apr-20,Confirmed,1061,0,9,0,2,11,0,3,0,0,62,0,163,11,0,14,1,36,7,0,0,226,285,0,2,0,0,0,0,11,55,0,25,50,0,70,0,18,0
16-Apr-20,Recovered,258,1,0,0,3,8,0,6,0,0,11,0,9,8,3,2,0,2,27,2,0,6,5,0,0,0,0,0,0,2,17,0,62,68,0,11,0,5,0
16-Apr-20,Deceased,26,0,0,0,0,0,0,0,0,0,6,0,3,0,0,0,0,1,0,0,0,2,7,0,0,0,0,0,0,1,0,0,1,0,0,2,0,3,0
17-Apr-20,Confirmed,922,1,38,0,0,2,0,0,0,0,67,0,170,8,3,14,3,44,1,0,0,146,120,0,0,0,0,0,0,14,98,0,56,66,0,44,3,24,0
17-Apr-20,Recovered,273,0,15,0,4,0,0,1,0,0,20,0,13,21,0,4,0,6,10,0,0,0,31,0,0,0,0,2,0,1,19,0,103,0,0,14,0,9,0
17-Apr-20,Deceased,38,0,0,0,0,0,0,0,0,0,4,0,5,0,0,1,0,0,0,0,0,14,7,0,0,0,0,0,0,0,6,0,0,0,0,1,0,0,0
18-Apr-20,Confirmed,1371,2,31,0,0,1,2,0,0,0,186,0,277,9,1,13,1,25,4,0,0,92,327,0,2,0,0,1,0,23,122,0,49,43,0,126,2,32,0
18-Apr-20,Recovered,426,0,7,0,3,5,0,1,0,0,135,0,7,14,0,9,0,16,2,0,0,57,34,0,0,0,0,3,3,1,17,0,82,0,0,26,0,4,0
18-Apr-20,Deceased,35,0,2,0,0,1,0,0,0,0,1,0,12,0,0,0,0,1,0,0,0,0,10,0,0,0,0,0,0,2,4,0,0,0,0,0,0,2,0
19-Apr-20,Confirmed,1580,1,44,0,0,10,3,0,0,0,110,0,367,18,0,13,8,6,2,0,0,5,552,0,0,0,0,0,0,10,127,0,105,49,0,125,2,23,0
19-Apr-20,Recovered,388,0,23,0,5,0,4,0,0,0,83,1,12,4,0,5,0,7,13,0,0,4,142,0,0,0,0,0,0,6,5,0,46,0,0,19,2,7,0
19-Apr-20,Deceased,38,0,1,0,0,0,0,0,0,0,2,0,10,0,0,0,0,2,0,0,0,3,12,0,0,0,0,0,0,0,2,0,0,3,0,3,0,0,0
20-Apr-20,Confirmed,1239,1,75,0,0,17,0,0,0,0,78,0,196,1,0,14,5,18,6,0,0,78,466,0,0,0,0,13,0,1,98,0,43,14,0,84,2,29,0
20-Apr-20,Recovered,419,0,27,0,2,0,1,0,0,0,141,0,26,37,0,15,4,1,21,0,0,7,65,1,0,0,0,0,0,1,0,0,46,0,0,13,7,4,0
20-Apr-20,Deceased,33,0,3,0,0,0,0,0,0,0,2,0,8,0,0,0,0,0,0,0,0,4,9,0,0,0,0,0,0,0,2,0,2,2,0,1,0,0,0
21-Apr-20,Confirmed,1537,1,35,0,0,13,1,0,0,0,75,0,239,4,0,12,0,10,19,0,0,67,552,0,1,0,0,5,0,6,159,0,76,56,0,153,0,53,0
21-Apr-20,Recovered,703,0,4,0,0,0,0,0,0,0,180,0,8,6,0,10,0,17,16,0,0,10,150,0,0,0,0,6,0,11,69,0,178,8,0,22,1,7,0
21-Apr-20,Deceased,53,0,2,0,0,0,0,0,0,0,0,0,19,0,0,0,0,1,0,0,0,4,19,0,0,0,0,0,0,0,1,0,1,0,0,3,0,3,0
22-Apr-20,Confirmed,1292,1,56,0,0,17,0,0,0,0,92,0,229,9,0,27,0,9,11,0,0,35,431,0,0,0,0,4,0,27,153,0,33,15,0,112,0,31,0
22-Apr-20,Recovered,394,0,24,0,0,0,0,3,0,0,113,0,40,11,0,11,0,2,1,0,0,4,67,0,0,0,0,2,0,4,70,0,27,0,0,11,4,0,0
22-Apr-20,Deceased,36,0,2,0,0,0,0,0,0,0,1,0,13,0,0,0,0,0,0,0,0,0,18,0,0,0,0,0,0,0,1,0,0,1,0,0,0,0,0
23-Apr-20,Confirmed,1667,4,80,0,1,27,0,0,0,0,128,0,217,6,1,27,7,18,10,0,0,100,778,0,0,0,0,6,0,5,76,0,54,27,0,61,1,33,0
23-Apr-20,Recovered,642,0,21,0,0,2,0,2,0,0,84,0,79,12,2,0,4,14,8,2,0,51,51,0,0,0,0,1,0,13,107,0,90,58,1,33,1,6,0
23-Apr-20,Deceased,40,0,3,0,0,0,0,0,0,0,2,0,9,0,0,0,1,0,0,0,0,3,14,0,0,0,0,0,0,1,1,0,2,1,0,3,0,0,0
24-Apr-20,Confirmed,1408,7,62,0,0,53,0,0,0,0,138,0,191,5,0,20,6,29,3,0,0,159,390,0,0,0,0,5,0,15,70,0,72,13,0,111,1,58,0
24-Apr-20,Recovered,484,0,4,0,0,0,1,0,0,0,49,0,7,16,0,17,0,7,15,0,0,7,117,0,0,0,0,0,0,4,42,0,114,39,0,20,1,24,0
24-Apr-20,Deceased,59,0,2,0,0,0,0,0,0,0,3,0,15,0,0,0,0,1,1,0,0,9,18,0,0,0,0,0,0,0,4,0,2,0,0,1,0,3,0
25-Apr-20,Confirmed,1835,4,61,0,0,28,1,1,0,0,111,0,256,12,0,40,8,26,7,2,0,99,811,0,0,0,0,6,1,10,49,0,66,7,0,172,0,57,0
25-Apr-20,Recovered,442,0,26,0,0,1,0,2,0,0,12,0,17,5,4,3,0,6,7,0,0,71,119,0,0,0,0,1,0,2,20,0,94,16,0,35,1,0,0
25-Apr-20,Deceased,44,0,2,0,0,0,0,0,0,0,1,0,6,0,0,1,0,0,0,0,0,7,22,0,0,0,0,0,0,0,2,0,1,0,0,2,0,0,0
26-Apr-20,Confirmed,1607,0,81,0,0,26,8,0,0,0,293,0,230,9,0,29,15,3,11,0,0,145,440,0,0,0,0,3,0,14,102,0,64,11,0,80,3,40,0
26-Apr-20,Recovered,585,0,60,0,8,11,2,0,0,0,8,0,31,8,0,25,5,24,4,0,0,21,112,0,0,0,0,1,0,12,116,0,60,9,0,66,0,2,0
26-Apr-20,Deceased,56,0,0,0,0,0,0,0,0,0,0,0,18,0,0,0,0,1,0,0,0,4,19,0,0,0,0,0,0,1,7,0,1,0,0,3,0,2,0
27-Apr-20,Confirmed,1568,0,80,0,0,69,9,0,0,0,190,0,247,5,0,23,21,9,13,0,0,75,522,0,0,0,0,15,0,8,77,0,52,2,0,113,0,38,0
27-Apr-20,Recovered,580,0,4,0,0,0,0,0,0,0,0,0,81,14,3,27,4,11,13,0,0,55,94,0,0,0,0,2,1,14,115,0,54,16,0,72,0,0,0
27-Apr-20,Deceased,58,0,0,0,0,0,0,0,0,0,0,0,11,0,0,1,0,1,0,0,0,7,27,0,0,0,0,0,0,1,9,0,0,0,0,1,0,0,0
28-Apr-20,Confirmed,1902,0,82,0,2,20,11,1,0,0,206,0,226,7,0,19,2,11,4,2,0,222,728,0,0,0,0,0,0,12,102,0,121,6,0,67,3,48,0
28-Apr-20,Recovered,636,4,23,0,0,8,0,2,0,0,201,0,40,11,0,12,2,14,4,0,0,16,106,0,0,0,0,1,0,3,26,0,54,42,0,63,0,4,0
28-Apr-20,Deceased,69,0,0,0,0,0,0,0,0,0,0,0,19,0,0,1,0,0,0,0,0,10,31,0,0,0,0,0,0,0,2,0,1,0,0,3,0,2,0
29-Apr-20,Confirmed,1705,0,73,0,0,37,12,0,0,0,125,0,308,3,0,16,2,12,10,0,0,173,597,0,0,0,0,7,0,33,76,0,104,7,0,81,1,28,0
29-Apr-20,Recovered,690,0,29,0,2,0,0,0,0,0,14,0,93,1,0,16,0,9,10,1,0,88,205,0,0,0,0,1,0,0,44,0,82,35,0,48,2,10,0
29-Apr-20,Deceased,71,0,0,0,0,0,0,0,0,0,2,0,16,0,0,0,0,1,0,0,0,10,32,0,0,0,0,0,0,0,3,0,2,0,0,5,0,0,0
30-Apr-20,Confirmed,1802,0,71,0,5,22,6,2,0,0,76,0,313,28,0,33,3,30,2,0,0,65,583,0,0,0,0,18,0,105,144,0,161,22,1,77,2,33,0
30-Apr-20,Recovered,630,1,34,0,0,20,1,2,0,0,2,0,86,10,3,24,0,13,14,0,0,21,180,0,0,0,0,2,0,3,79,0,48,33,0,41,8,5,0
30-Apr-20,Deceased,75,0,0,0,0,0,0,0,0,0,3,0,17,1,0,0,0,1,0,0,0,7,27,0,0,0,0,0,0,1,3,0,0,3,0,1,0,11,0
01-May-20,Confirmed,2396,0,60,0,0,41,14,3,0,0,223,0,326,18,0,25,3,24,0,0,0,90,1008,0,0,0,0,11,0,105,82,0,203,6,0,117,0,37,0
01-May-20,Recovered,962,0,82,0,4,14,0,0,0,0,73,0,123,6,2,31,2,22,9,0,0,42,106,0,10,0,0,14,0,4,223,0,54,22,0,103,1,15,0
01-May-20,Deceased,77,0,2,0,0,1,0,0,0,0,2,0,22,0,0,0,0,0,0,0,0,8,26,0,0,0,0,0,0,0,4,0,1,0,0,2,1,8,0
02-May-20,Confirmed,2564,0,62,0,0,15,6,0,0,0,384,0,333,19,0,27,2,12,2,1,0,73,790,0,0,0,0,6,1,187,106,0,231,17,2,159,2,127,0
02-May-20,Recovered,831,10,38,0,0,19,1,0,0,0,89,0,160,1,3,7,1,20,8,0,0,100,121,0,0,0,0,1,0,4,126,0,29,35,0,44,2,12,0
02-May-20,Deceased,92,0,0,0,0,1,0,0,0,0,3,0,26,1,0,0,0,3,0,0,0,6,36,0,0,0,0,0,0,0,6,0,1,1,0,1,0,7,0
03-May-20,Confirmed,2952,0,58,0,0,36,3,14,0,0,427,0,374,66,0,35,0,13,0,19,0,49,678,0,0,0,0,2,0,330,114,0,266,21,12,158,1,276,0
03-May-20,Recovered,911,6,47,0,0,7,0,0,0,0,106,0,146,3,1,33,5,22,1,0,0,174,115,0,0,0,0,4,1,5,114,0,38,46,0,56,0,-19,0
03-May-20,Deceased,140,0,0,0,0,0,1,0,0,0,0,0,28,0,0,0,0,0,0,0,0,5,27,0,0,0,0,0,0,1,3,0,1,0,0,0,0,74,0
04-May-20,Confirmed,3656,0,67,0,0,11,5,1,0,0,349,0,376,75,1,25,0,37,0,0,0,105,1567,0,0,0,0,7,0,130,175,0,527,3,13,121,0,61,0
04-May-20,Recovered,1082,0,36,0,0,3,2,0,0,0,69,0,153,9,0,16,0,28,61,0,0,58,350,0,0,0,0,0,0,11,82,0,30,40,0,48,0,86,0
04-May-20,Deceased,103,0,0,0,0,0,0,0,0,0,0,0,29,1,0,0,0,2,0,0,0,9,35,0,0,0,0,0,0,2,6,0,1,0,0,7,0,11,0
05-May-20,Confirmed,2971,0,67,0,2,7,17,1,1,0,206,0,441,31,1,15,10,22,3,0,0,107,984,0,0,0,0,8,0,219,97,0,508,11,13,114,1,85,0
05-May-20,Recovered,1295,0,65,0,0,31,0,0,0,0,37,0,186,2,0,17,6,10,0,0,0,144,354,0,0,1,0,0,0,5,87,0,76,43,0,185,0,46,0
05-May-20,Deceased,128,0,1,0,0,0,0,0,0,0,0,0,49,0,1,0,0,2,0,0,0,11,34,0,0,0,0,1,0,2,12,0,2,0,0,6,0,7,0
06-May-20,Confirmed,3602,0,60,0,1,7,5,0,0,0,428,0,380,46,1,34,2,20,0,0,0,89,1233,0,0,0,0,28,0,75,159,0,771,11,22,118,0,112,0
06-May-20,Recovered,1161,0,140,0,2,0,0,0,0,0,74,0,119,4,0,2,4,23,7,0,0,99,275,0,0,0,0,1,0,2,214,0,31,20,0,143,0,1,0
06-May-20,Deceased,91,0,2,0,0,0,0,0,0,0,1,0,28,1,0,0,0,0,0,0,0,9,34,0,0,0,0,0,0,2,4,0,2,0,0,4,0,4,0
07-May-20,Confirmed,3344,0,56,0,8,8,11,0,0,0,448,0,388,31,3,18,5,12,0,0,0,114,1216,0,0,0,0,14,0,118,110,0,580,15,24,73,0,92,0
07-May-20,Recovered,1475,1,51,0,0,60,0,0,0,0,389,0,209,0,0,13,4,12,5,0,0,132,207,0,0,0,0,1,0,14,150,0,31,45,0,120,0,31,0
07-May-20,Deceased,104,0,2,0,0,1,0,0,0,0,1,0,29,0,0,1,0,1,0,0,0,8,43,0,0,0,0,0,0,1,6,0,2,0,0,2,0,7,0
08-May-20,Confirmed,3339,0,54,0,6,29,11,0,0,0,338,0,390,22,4,30,22,48,1,0,0,89,1089,0,0,0,0,51,1,87,152,0,600,10,30,143,2,130,0
08-May-20,Recovered,1111,0,62,0,0,49,0,2,0,0,89,0,163,19,0,29,0,10,10,1,0,118,169,0,0,0,0,1,2,3,122,0,58,34,0,137,6,27,0
08-May-20,Deceased,97,0,3,0,1,0,1,0,0,0,2,0,24,1,0,0,0,0,0,0,0,7,37,0,0,0,0,0,0,1,4,0,3,0,0,4,0,9,0
09-May-20,Confirmed,3175,0,43,0,2,32,23,0,0,0,224,0,394,28,2,13,2,41,2,0,0,116,1165,0,1,0,0,82,0,31,129,0,526,31,17,159,4,108,0
09-May-20,Recovered,1414,0,45,0,0,51,3,5,0,0,0,0,219,11,1,4,37,10,1,0,0,131,330,0,0,0,0,5,0,5,151,0,219,24,0,112,1,49,0
09-May-20,Deceased,115,0,3,0,-1,0,0,0,0,0,0,0,23,1,0,0,0,0,0,0,0,11,48,0,0,0,0,1,0,2,3,0,4,1,0,8,0,11,0
10-May-20,Confirmed,4311,0,50,0,1,96,4,0,0,0,381,0,398,28,6,25,1,54,7,0,0,157,1943,0,0,0,0,25,2,61,106,0,669,33,16,94,1,153,0
10-May-20,Recovered,1669,0,38,0,0,36,0,6,0,0,49,0,454,10,0,15,0,36,4,3,0,196,399,0,0,0,0,0,1,9,79,0,135,0,0,154,0,45,0
10-May-20,Deceased,112,0,1,0,0,1,1,0,0,0,5,0,21,1,0,0,0,1,0,0,0,4,53,0,0,0,0,0,0,0,2,0,3,0,0,5,0,14,0
11-May-20,Confirmed,3592,0,38,0,2,42,8,0,0,0,310,0,347,27,1,18,4,14,7,0,0,171,1230,0,0,0,0,38,0,54,174,0,798,79,0,106,0,124,0
11-May-20,Recovered,1579,0,73,0,5,23,4,4,0,0,60,0,235,37,0,44,0,4,0,1,0,71,587,0,0,0,0,17,0,2,83,0,92,50,0,105,0,82,0
11-May-20,Deceased,81,0,0,0,0,0,0,0,0,0,0,0,20,1,0,1,0,0,0,0,0,6,36,0,0,0,0,0,0,0,5,0,6,0,0,1,0,5,0
12-May-20,Confirmed,3562,0,71,0,0,130,6,0,0,0,406,0,362,50,8,55,11,63,5,0,0,201,1026,0,0,0,0,22,0,37,138,0,716,51,2,91,1,110,0
12-May-20,Recovered,1905,0,58,0,0,5,2,1,1,0,383,0,466,5,0,28,1,7,0,0,0,113,339,0,0,0,0,31,0,3,130,0,83,21,0,115,0,113,0
12-May-20,Deceased,120,0,1,0,0,0,0,0,0,0,13,0,24,0,0,0,0,0,0,0,0,4,53,0,0,0,0,0,0,1,4,0,8,2,0,2,0,8,0
13-May-20,Confirmed,3726,0,48,0,15,74,4,0,0,0,359,0,364,13,1,37,5,34,10,1,0,187,1495,0,0,0,0,101,1,10,202,0,509,41,1,94,3,117,0
13-May-20,Recovered,1963,0,86,0,0,18,0,1,0,0,346,0,316,76,0,11,8,18,1,0,0,144,422,0,1,0,0,27,0,29,119,0,41,117,0,92,0,90,0
13-May-20,Deceased,137,0,1,0,0,1,0,0,0,0,20,0,29,0,0,1,0,2,0,0,0,7,54,0,0,0,0,0,0,0,4,0,3,2,0,4,0,9,0
14-May-20,Confirmed,3991,0,68,0,7,46,0,1,0,0,472,8,324,25,6,12,26,28,26,0,0,253,1602,1,0,0,0,134,3,11,206,0,447,47,1,144,6,87,0
14-May-20,Recovered,1594,0,50,0,0,12,7,1,0,0,187,0,191,21,0,19,0,9,3,0,0,167,542,0,0,0,0,15,0,23,65,0,65,13,27,107,4,66,0
14-May-20,Deceased,97,0,1,0,0,0,0,0,0,0,9,0,20,0,0,0,0,2,0,0,0,5,44,0,0,0,0,0,0,0,4,0,2,0,0,2,0,8,0
15-May-20,Confirmed,3808,0,102,0,3,34,0,6,0,0,425,0,340,36,2,30,8,69,16,0,0,169,1576,0,0,0,0,65,0,-3,213,0,434,40,0,155,4,84,0
15-May-20,Recovered,2234,0,60,0,1,28,3,0,0,0,473,0,282,25,0,28,10,20,0,2,0,112,475,0,0,0,0,8,0,82,91,0,359,7,13,93,1,61,0
15-May-20,Deceased,104,0,0,0,0,0,0,0,0,0,8,0,20,2,0,0,0,1,0,0,0,2,49,0,0,0,0,0,0,0,0,0,5,0,0,7,0,10,0
16-May-20,Confirmed,4794,0,48,0,3,145,0,1,0,0,438,5,1057,33,2,108,6,36,11,0,0,195,1606,4,0,0,0,0,1,14,213,0,477,55,11,201,9,115,0
16-May-20,Recovered,4012,0,101,0,0,33,11,2,0,0,408,0,273,50,4,29,16,16,4,0,0,32,524,0,0,0,0,30,0,952,215,0,939,12,22,276,0,63,0
16-May-20,Deceased,120,0,1,0,0,1,0,0,0,0,6,0,19,0,0,1,0,0,0,0,0,4,67,0,0,0,0,0,0,0,1,0,4,0,0,9,0,7,0
17-May-20,Confirmed,5049,0,25,0,8,142,0,18,0,0,422,9,391,23,2,62,6,55,14,0,0,187,2347,0,0,0,0,91,0,18,242,0,639,42,-2,206,1,101,0
17-May-20,Recovered,2538,0,103,0,1,0,0,1,0,0,276,0,191,48,1,33,0,13,0,0,0,88,600,0,0,0,0,24,0,109,111,0,634,21,21,195,1,67,0
17-May-20,Deceased,152,0,1,0,0,0,0,0,0,0,19,0,34,1,0,1,0,1,0,0,0,5,63,0,0,0,0,1,0,3,5,0,4,0,0,8,0,6,0
18-May-20,Confirmed,4628,0,52,0,15,103,5,10,0,0,299,9,366,18,10,106,5,99,29,0,0,259,2005,0,0,0,0,48,0,16,305,0,536,41,0,141,4,147,0
18-May-20,Recovered,2482,0,96,0,0,44,3,0,0,0,283,0,305,36,2,34,14,21,0,19,0,32,749,0,1,0,0,57,0,181,163,0,234,10,4,147,0,47,0
18-May-20,Deceased,131,0,0,0,2,1,0,0,0,0,12,0,35,0,0,2,0,0,0,0,0,4,51,0,0,0,0,0,0,2,7,0,3,0,0,6,0,6,0
19-May-20,Confirmed,6154,0,57,0,42,96,3,5,0,0,500,8,395,36,2,28,20,149,12,0,0,229,2078,2,0,0,0,102,5,22,338,0,688,42,8,321,15,137,814
19-May-20,Recovered,3032,0,69,0,0,0,3,0,0,0,265,0,239,29,5,38,0,13,0,0,0,196,1202,0,0,0,0,30,1,95,119,0,489,9,27,135,0,68,0
19-May-20,Deceased,146,0,2,0,0,0,0,0,0,0,6,0,25,0,1,2,0,3,0,0,0,6,76,0,0,0,0,1,0,1,5,0,3,4,0,5,0,6,0
20-May-20,Confirmed,5720,0,71,0,31,257,3,14,0,0,534,4,398,29,18,73,42,67,24,1,0,270,2161,16,1,0,0,74,1,3,170,0,743,27,0,249,15,142,282
20-May-20,Recovered,3113,0,43,0,7,54,79,0,0,0,442,0,176,21,3,31,2,13,5,0,0,103,679,0,0,0,0,36,0,152,67,0,987,2,0,148,1,62,0
20-May-20,Deceased,134,0,1,0,0,0,0,0,0,0,10,0,30,0,0,1,0,1,0,0,0,9,65,0,0,0,0,1,0,0,4,0,3,2,0,4,0,3,0
21-May-20,Confirmed,6023,0,45,0,22,211,16,14,0,0,571,2,371,37,42,59,13,143,24,0,0,246,2345,0,0,0,0,51,0,23,212,0,776,38,2,340,19,94,307
21-May-20,Recovered,3131,0,41,0,6,0,42,0,0,0,375,0,269,33,5,6,7,15,8,0,0,110,1408,0,0,0,0,50,0,25,81,0,400,23,32,138,0,57,0
21-May-20,Deceased,148,0,1,0,0,0,0,0,0,0,18,0,24,0,0,2,0,0,0,0,0,4,64,0,0,0,0,1,0,1,4,0,7,5,0,11,0,6,0
22-May-20,Confirmed,6536,0,62,0,15,179,1,44,0,0,660,2,363,37,16,40,20,138,42,2,0,189,2940,1,0,0,0,86,3,1,267,0,786,62,0,220,8,135,217
22-May-20,Recovered,3280,0,26,0,0,58,0,3,0,0,330,9,392,25,0,36,0,26,2,0,0,245,857,0,0,0,0,43,0,28,195,0,846,7,4,120,0,28,0
22-May-20,Deceased,142,0,1,0,0,2,0,0,0,0,14,0,29,2,0,0,0,0,1,0,0,1,63,0,0,0,0,0,0,0,2,0,4,3,0,14,0,6,0
23-May-20,Confirmed,6663,0,47,0,121,228,6,42,1,0,591,1,396,64,17,80,27,216,62,3,0,201,2608,3,0,0,0,80,0,16,248,1,759,52,16,282,91,127,279
23-May-20,Recovered,2576,0,48,0,2,24,1,2,0,0,370,0,289,44,2,54,5,11,3,0,0,178,821,0,0,0,0,61,0,23,106,0,363,25,0,82,2,60,0
23-May-20,Deceased,142,0,1,0,0,0,0,0,0,0,23,0,27,0,0,1,0,1,0,0,0,9,60,0,0,0,0,0,0,0,7,0,5,1,0,3,0,4,0
24-May-20,Confirmed,7111,0,66,1,46,180,37,38,0,0,508,11,394,53,18,52,20,130,53,3,0,294,3041,3,0,0,0,67,15,15,286,0,765,41,3,251,73,208,439
24-May-20,Recovered,3285,0,62,0,1,49,0,0,0,0,273,0,243,15,2,35,7,46,5,0,0,141,1196,2,0,0,0,53,2,28,62,0,833,24,13,132,3,58,0
24-May-20,Deceased,156,0,0,0,0,0,1,0,0,0,30,0,29,0,0,0,1,0,1,0,0,9,58,0,0,0,0,0,0,1,3,0,8,4,0,6,2,3,0
25-May-20,Confirmed,6414,0,106,0,156,163,4,40,0,0,635,1,405,29,20,47,35,93,49,1,0,194,2436,4,1,0,3,102,8,21,272,0,805,66,4,229,32,149,304
25-May-20,Recovered,3012,0,51,0,5,31,8,3,0,0,231,3,224,37,4,0,0,51,12,0,0,163,1186,0,0,0,0,99,5,15,208,0,407,72,0,122,0,75,0
25-May-20,Deceased,150,0,0,0,0,2,0,0,0,0,15,0,30,0,0,2,0,2,0,0,0,10,60,0,0,0,0,0,0,0,4,0,7,3,0,8,1,6,0
26-May-20,Confirmed,5907,0,97,0,134,231,12,68,0,0,412,0,361,92,24,91,21,101,67,0,0,165,2091,3,5,0,1,79,0,25,236,0,646,112,34,227,51,193,328
26-May-20,Recovered,3585,0,125,0,0,67,0,12,0,0,183,9,501,22,0,24,5,59,10,0,0,118,1168,0,0,0,0,84,0,5,220,0,611,120,0,164,6,72,0
26-May-20,Deceased,173,0,1,0,0,1,0,0,0,0,12,0,27,0,0,1,0,0,1,0,0,5,97,0,0,0,0,0,0,0,3,0,11,1,0,8,0,5,0
27-May-20,Confirmed,7246,0,134,0,101,68,1,4,0,0,792,1,376,76,26,162,7,135,40,1,0,237,2190,5,0,0,5,76,0,33,280,0,817,107,10,267,69,183,1043
27-May-20,Recovered,3434,0,48,0,25,118,0,4,0,0,310,9,410,14,3,21,0,17,10,0,0,238,964,0,0,0,0,79,0,0,286,0,567,37,0,167,15,92,0
27-May-20,Deceased,188,0,1,0,0,1,0,0,0,0,15,0,23,2,2,2,0,3,0,0,0,8,105,0,0,0,0,0,0,0,3,0,6,6,0,5,0,6,0
28-May-20,Confirmed,7254,0,128,1,97,149,10,34,0,0,1024,1,367,123,8,115,6,115,85,20,0,192,2598,11,1,0,9,67,4,19,251,0,827,117,2,179,31,344,319
28-May-20,Recovered,3171,0,68,0,16,132,2,0,0,0,231,1,454,43,7,5,0,53,3,0,0,123,698,0,0,0,0,75,0,28,253,0,639,24,2,224,0,90,0
28-May-20,Deceased,176,0,1,0,0,0,0,0,0,0,13,0,22,1,0,1,0,0,1,0,0,8,85,0,0,0,0,0,0,0,7,0,12,4,0,15,0,6,0
29-May-20,Confirmed,8138,0,85,0,177,174,0,17,0,0,1105,0,372,217,14,128,82,248,62,0,0,192,2682,4,6,0,7,63,4,39,298,0,874,169,10,275,216,277,341
29-May-20,Recovered,11735,0,101,0,22,159,0,17,0,0,351,3,608,59,10,16,63,60,10,0,0,219,8381,2,0,0,0,90,6,3,429,0,765,36,0,195,23,107,0
29-May-20,Deceased,269,0,1,0,0,0,0,1,0,0,82,0,20,0,0,1,1,1,1,0,0,13,116,0,0,0,0,2,0,2,4,0,9,4,0,4,0,7,0
30-May-20,Confirmed,8364,0,131,1,159,206,0,32,0,0,1163,1,412,202,18,177,73,141,58,3,0,246,2940,1,0,0,11,96,0,36,252,0,938,74,17,256,33,317,370
30-May-20,Recovered,4303,0,55,0,38,102,10,2,0,0,229,1,621,31,24,33,40,103,10,0,0,175,1084,0,0,0,0,73,0,18,495,0,687,31,5,241,0,195,0
30-May-20,Deceased,205,0,0,0,0,6,0,0,0,0,18,0,27,1,0,0,0,1,1,0,0,9,99,0,0,0,0,0,0,2,9,0,6,6,0,12,1,7,0
31-May-20,Confirmed,8789,0,110,0,123,242,4,51,0,0,1295,1,438,168,18,105,41,299,61,0,0,198,2487,11,0,0,7,129,13,30,214,0,1149,199,45,374,158,371,448
31-May-20,Recovered,4928,0,51,0,22,209,0,12,0,0,403,2,689,77,9,19,0,221,15,4,0,398,1248,5,0,0,0,76,2,20,293,0,757,16,1,192,0,187,0
31-May-20,Deceased,222,0,2,0,0,2,0,0,0,0,57,0,31,0,0,0,0,2,0,0,0,7,89,0,0,0,0,0,0,1,1,0,13,5,0,4,0,8,0
01-Jun-20,Confirmed,7723,0,105,18,146,138,4,49,1,0,990,2,423,265,9,155,26,187,57,0,0,194,2358,12,1,0,0,156,9,38,269,0,1162,94,107,286,52,271,139
01-Jun-20,Recovered,3882,0,34,0,99,221,15,7,0,0,268,6,861,7,2,19,40,100,18,0,0,161,779,0,0,0,0,119,0,13,181,0,413,63,0,187,120,149,0
01-Jun-20,Deceased,201,0,2,0,0,0,0,0,0,0,50,0,25,1,0,3,0,1,1,0,0,8,76,0,0,0,0,0,0,-1,5,0,11,6,0,5,0,8,0
02-Jun-20,Confirmed,8812,0,115,2,74,151,4,15,0,0,1298,6,415,296,5,117,61,388,86,4,0,137,2287,6,2,12,6,141,0,41,273,0,1091,99,48,368,84,396,784
02-Jun-20,Recovered,4531,0,40,0,53,62,0,9,0,0,497,7,1114,14,18,7,0,75,19,0,0,218,1225,3,0,0,0,80,0,17,222,0,536,35,0,146,30,104,0
02-Jun-20,Deceased,222,0,0,0,0,1,1,1,0,0,33,0,29,2,0,2,0,0,1,1,0,6,103,0,0,0,0,0,0,2,4,0,13,4,0,7,2,10,0
03-Jun-20,Confirmed,9689,0,180,10,271,230,0,64,8,0,1513,47,485,302,14,139,42,267,82,9,0,168,2560,19,3,1,9,143,11,34,279,1,1286,129,151,141,42,340,709
03-Jun-20,Recovered,3789,0,50,0,76,222,0,40,0,0,299,0,318,20,10,54,1,111,24,1,0,224,996,24,1,0,0,91,8,12,309,0,610,30,0,81,7,170,0
03-Jun-20,Deceased,259,0,4,0,0,1,0,0,0,0,59,0,30,0,0,1,0,1,0,0,0,7,122,0,0,0,0,0,0,1,6,0,8,7,0,1,1,10,0
04-Jun-20,Confirmed,9847,0,141,5,285,126,1,147,3,0,1359,40,492,327,24,285,63,257,94,4,0,174,2933,16,0,3,22,90,9,39,210,0,1384,127,24,367,68,368,360
04-Jun-20,Recovered,4390,0,65,0,46,95,8,36,0,0,356,0,455,34,29,41,69,106,39,0,0,192,1352,0,0,0,0,65,4,14,360,0,585,31,0,182,38,188,0
04-Jun-20,Deceased,274,0,3,0,0,3,0,0,0,0,44,0,33,1,0,1,1,4,3,0,0,6,123,0,0,0,0,0,0,0,4,0,15,6,0,15,2,10,0
05-Jun-20,Confirmed,9472,0,138,4,128,146,7,90,0,0,1330,30,510,316,10,182,95,515,111,3,0,234,2436,8,0,7,27,130,5,46,222,1,1438,143,48,496,62,427,127
05-Jun-20,Recovered,4770,0,36,0,50,113,51,25,0,0,417,8,344,86,10,38,69,83,22,0,0,241,1466,0,0,0,0,123,6,26,255,0,861,40,0,209,47,144,0
05-Jun-20,Deceased,286,0,2,0,0,1,0,0,0,0,49,0,35,0,0,1,1,0,0,0,0,7,139,0,0,0,0,1,0,1,5,0,12,8,0,12,1,11,0
06-Jun-20,Confirmed,10408,0,210,2,230,233,3,60,5,0,1320,71,498,355,7,143,106,378,108,2,0,232,2739,25,0,0,0,173,3,54,253,4,1458,206,55,370,88,435,582
06-Jun-20,Recovered,5433,0,75,0,79,65,0,28,0,0,349,0,313,71,5,40,38,280,50,2,0,230,2243,14,0,0,8,112,5,23,142,0,633,83,0,260,78,207,0
06-Jun-20,Deceased,297,0,0,0,0,0,0,2,0,0,53,0,29,0,0,3,0,2,1,0,0,15,120,0,0,0,0,0,0,2,13,0,19,10,0,11,0,17,0
07-Jun-20,Confirmed,10882,0,199,3,208,239,2,150,1,0,1282,33,480,496,11,620,75,239,107,4,0,173,3007,15,3,10,9,75,12,93,262,0,1515,154,53,433,52,449,418
07-Jun-20,Recovered,5191,0,29,0,48,107,1,7,1,0,335,0,319,194,28,90,17,159,41,0,0,223,1924,0,0,0,0,178,1,14,253,0,604,32,19,277,106,184,0
07-Jun-20,Deceased,261,0,2,0,0,1,0,0,0,0,51,0,30,4,0,2,0,2,0,0,0,13,91,0,0,0,0,1,0,1,9,0,18,14,0,7,2,13,0
08-Jun-20,Confirmed,8536,0,154,6,154,177,6,124,2,0,1007,30,477,406,10,198,187,308,91,0,0,237,2554,100,3,8,6,138,9,55,277,0,1562,92,38,411,56,426,-773
08-Jun-20,Recovered,5171,0,42,0,148,137,11,69,0,0,358,2,321,226,5,108,29,309,11,0,0,205,1661,6,0,0,0,99,4,22,363,0,528,0,0,159,186,162,0
08-Jun-20,Deceased,271,0,0,0,0,1,0,0,0,0,62,0,31,11,0,4,0,3,1,0,0,2,109,0,0,0,0,0,0,2,6,0,17,5,0,8,0,9,0
09-Jun-20,Confirmed,9981,1,69,0,215,208,6,14,2,0,1366,29,470,355,16,61,126,161,91,5,0,211,2258,32,4,46,5,146,4,56,369,6,1685,178,26,388,126,372,874
09-Jun-20,Recovered,5634,0,48,1,312,228,0,12,0,0,504,0,409,107,14,182,40,164,34,0,0,193,1664,6,0,0,2,140,2,39,211,3,798,0,0,325,41,155,0
09-Jun-20,Deceased,272,0,2,0,1,2,0,1,0,0,31,0,33,6,0,3,1,2,0,0,0,6,120,0,0,0,0,0,0,2,9,0,18,6,1,18,0,10,0
10-Jun-20,Confirmed,11156,1,365,4,235,243,2,51,5,0,1501,28,510,370,14,161,135,120,65,7,0,200,3254,7,1,5,1,110,12,86,355,0,1927,191,31,275,25,343,516
10-Jun-20,Recovered,6275,0,110,2,152,164,4,4,0,0,384,0,370,381,13,165,33,257,57,0,0,163,1877,0,0,0,12,149,5,65,241,0,1008,75,47,302,76,159,0
10-Jun-20,Deceased,358,0,1,0,1,1,0,1,0,0,79,0,34,7,1,3,0,3,1,0,0,7,149,0,0,0,0,0,0,0,4,0,19,8,0,20,2,17,0
11-Jun-20,Confirmed,11135,3,182,6,145,250,4,136,1,0,1877,30,513,389,19,67,48,204,83,20,0,192,3607,55,0,9,2,136,13,82,238,0,1875,209,25,478,93,440,-296
11-Jun-20,Recovered,6044,0,99,0,184,152,4,70,0,0,486,0,366,73,26,149,38,114,62,4,0,150,1562,9,5,0,7,72,7,27,206,0,1372,176,39,321,55,209,0
11-Jun-20,Deceased,394,0,2,0,0,0,0,0,0,0,101,0,38,12,0,1,0,3,1,0,0,4,152,0,0,0,0,1,2,4,6,0,23,9,0,24,1,10,0
12-Jun-20,Confirmed,11306,0,207,19,263,148,13,47,0,0,2137,46,495,366,16,156,57,271,78,104,0,202,3493,19,0,2,26,112,6,99,230,50,1982,164,41,528,69,476,-616
12-Jun-20,Recovered,7263,0,123,0,152,230,2,123,0,0,667,2,392,214,17,266,55,464,32,4,0,159,1718,0,4,0,28,120,9,23,236,0,1342,285,0,317,61,218,0
12-Jun-20,Deceased,388,0,0,0,2,1,0,0,0,0,129,0,31,6,0,1,0,7,1,0,0,9,127,0,0,0,0,1,1,4,7,0,18,9,0,20,5,9,0
13-Jun-20,Confirmed,12039,0,222,5,207,193,5,105,5,0,2134,60,517,415,16,148,55,308,85,198,0,198,3427,64,0,6,7,225,13,77,333,0,1989,253,83,502,61,454,-331
13-Jun-20,Recovered,8092,0,94,2,221,370,0,87,0,0,1547,1,390,328,16,183,131,208,46,10,0,176,1550,0,1,0,27,120,6,45,326,2,1362,74,37,266,130,336,0
13-Jun-20,Deceased,309,0,2,0,0,0,0,0,0,0,57,0,33,8,0,2,0,3,0,0,0,7,113,0,0,0,0,0,0,2,10,0,30,8,0,20,2,12,0
14-Jun-20,Confirmed,11405,2,294,3,218,186,2,121,4,0,2224,41,511,459,16,163,52,176,54,112,0,161,3390,9,0,2,10,186,18,77,293,5,1974,237,33,497,34,389,-548
14-Jun-20,Recovered,7358,0,131,1,155,289,0,88,0,0,878,4,442,200,17,120,89,312,56,12,0,300,1632,18,3,0,4,114,9,29,229,0,1138,25,118,393,34,518,0
14-Jun-20,Deceased,324,0,2,0,0,1,0,3,0,0,56,0,29,10,0,4,0,5,0,0,0,12,120,0,0,0,0,1,1,2,10,0,38,3,0,14,1,12,0
15-Jun-20,Confirmed,10032,1,304,4,191,187,5,44,0,0,1647,28,514,514,38,179,30,213,82,6,0,133,2786,32,0,5,4,146,8,127,287,0,1843,219,10,476,26,407,-464
15-Jun-20,Recovered,10639,0,69,0,245,251,6,124,0,0,604,11,339,562,16,215,95,174,73,2,0,226,5071,60,0,0,0,146,4,87,219,0,797,389,0,342,78,434,0
15-Jun-20,Deceased,396,0,2,0,0,2,1,0,0,0,73,0,28,12,0,3,1,2,1,0,0,6,178,0,0,0,0,0,0,4,9,0,44,2,0,18,0,10,0
16-Jun-20,Confirmed,11086,3,264,4,201,148,8,69,15,0,1859,37,524,550,4,78,46,317,79,94,0,148,2701,10,0,4,2,108,14,104,235,0,1515,213,1,507,97,415,712
16-Jun-20,Recovered,7226,0,128,0,206,345,1,91,7,0,73,0,418,183,19,177,121,322,60,3,0,249,1802,8,2,0,15,120,4,18,177,0,1438,261,123,294,27,534,0
16-Jun-20,Deceased,2004,0,2,0,0,1,0,0,0,0,437,0,28,18,0,1,0,7,0,0,0,11,1409,0,0,0,0,0,0,1,7,0,49,4,0,18,1,10,0
17-Jun-20,Confirmed,13108,0,351,4,184,130,5,80,5,0,2414,27,520,560,25,108,57,204,75,38,0,161,3307,52,-1,0,14,175,29,126,326,2,2174,269,43,583,81,391,589
17-Jun-20,Recovered,6890,0,128,3,231,205,4,165,3,0,957,11,348,204,7,133,30,348,90,7,0,236,1315,33,3,0,0,73,10,77,505,0,842,44,0,335,38,505,0
17-Jun-20,Deceased,341,0,2,0,0,0,0,0,0,0,67,0,27,12,0,1,1,8,0,0,0,6,114,0,0,0,0,0,1,6,5,0,48,1,0,30,1,11,0
18-Jun-20,Confirmed,13829,1,425,0,209,100,4,82,4,0,2877,49,510,386,10,149,23,210,97,0,0,182,3752,54,0,9,0,174,26,118,315,0,2141,352,21,604,80,435,430
18-Jun-20,Recovered,10741,2,131,1,206,185,0,103,2,0,3884,13,389,604,5,230,47,176,89,3,0,244,1672,7,1,0,6,97,7,32,275,1,1017,230,83,399,132,468,0
18-Jun-20,Deceased,343,0,2,0,1,5,0,0,0,0,65,0,31,4,0,7,1,12,1,0,0,4,100,0,0,0,0,0,1,5,17,0,49,3,0,23,0,12,0
19-Jun-20,Confirmed,14638,2,465,32,0,250,7,72,14,0,3137,20,540,525,32,125,42,337,118,57,0,156,3827,75,0,0,5,165,16,217,299,0,2115,499,27,809,74,355,224
19-Jun-20,Recovered,9029,0,133,3,218,137,9,103,0,0,2228,9,340,333,12,50,137,230,96,0,0,116,1935,19,0,8,16,153,2,66,255,16,1630,51,18,357,47,302,0
19-Jun-20,Deceased,364,0,4,0,0,5,0,1,0,0,66,0,27,10,0,4,0,9,0,0,0,9,142,0,0,0,0,0,1,9,3,0,41,3,0,19,0,11,0
20-Jun-20,Confirmed,15918,0,491,0,249,213,23,116,17,0,3630,29,539,480,29,154,63,416,127,92,0,142,3874,96,0,10,3,179,51,120,381,0,2396,546,8,541,124,441,338
20-Jun-20,Recovered,13974,0,206,1,136,269,1,63,12,0,7725,11,535,239,20,142,69,183,57,22,0,132,1380,14,0,0,13,237,13,42,277,0,1045,154,23,374,17,562,0
20-Jun-20,Deceased,308,0,5,0,0,0,0,1,0,0,77,0,20,5,0,6,0,9,0,0,0,6,91,0,0,0,0,1,0,6,4,0,38,5,0,22,1,11,0
21-Jun-20,Confirmed,15151,1,477,4,332,162,2,121,5,0,3000,64,580,412,17,122,74,453,133,1,0,179,3870,64,0,1,10,304,28,122,393,8,2532,730,35,596,43,414,-138
21-Jun-20,Recovered,9075,2,196,6,202,264,0,53,1,0,1719,6,655,429,12,46,2,226,93,17,0,135,1591,18,5,0,3,186,9,22,323,4,1438,225,79,626,50,432,0
21-Jun-20,Deceased,426,0,5,0,0,2,0,0,0,0,63,0,25,11,0,1,0,5,0,0,0,14,186,0,0,0,0,4,1,1,12,0,53,7,0,21,0,15,0
22-Jun-20,Confirmed,13560,0,443,9,267,228,5,47,15,0,2909,46,563,390,54,132,42,249,138,10,0,175,3721,57,2,1,69,143,17,161,302,0,2710,872,16,591,58,413,-1295
22-Jun-20,Recovered,10879,0,128,1,161,136,6,66,0,0,3589,17,560,359,12,149,63,111,88,2,0,200,1962,0,0,3,0,143,9,125,313,4,1358,274,23,606,21,390,0
22-Jun-20,Deceased,312,0,5,0,0,1,0,1,0,0,58,1,21,9,0,3,0,5,0,0,0,6,113,0,0,0,0,2,0,2,7,0,37,7,0,19,1,14,0
23-Jun-20,Confirmed,15656,2,462,10,203,157,7,83,9,0,3947,45,549,495,48,148,53,322,141,85,0,183,3214,23,1,0,50,167,19,162,395,1,2516,879,23,571,133,370,183
23-Jun-20,Recovered,10462,3,157,16,197,260,0,40,0,0,2711,53,604,582,3,111,51,274,60,12,0,120,1925,8,4,7,0,125,16,222,303,0,1227,219,25,515,81,531,0
23-Jun-20,Deceased,468,0,8,0,0,2,0,0,0,0,68,1,26,9,0,2,0,8,1,0,0,4,248,0,0,0,0,3,1,4,9,0,39,3,0,19,2,11,0
24-Jun-20,Confirmed,16868,6,497,2,226,223,2,34,13,0,3788,42,572,490,31,186,26,397,152,0,0,187,3889,49,0,3,17,282,59,230,382,4,2865,891,0,664,88,445,126
24-Jun-20,Recovered,13089,1,187,0,196,79,0,74,3,0,2124,84,575,427,34,176,55,149,81,126,0,138,4161,70,0,5,7,135,11,52,398,10,2424,137,97,470,119,484,0
24-Jun-20,Deceased,424,0,10,1,0,1,0,0,0,0,64,0,25,10,0,1,1,14,0,0,0,9,208,0,0,0,0,0,0,8,10,0,33,5,0,8,5,11,0
25-Jun-20,Confirmed,18205,2,553,12,364,215,3,37,20,0,3390,44,577,453,33,127,44,442,123,9,0,147,4842,86,0,0,8,210,41,142,287,2,3509,920,32,636,68,475,352
25-Jun-20,Recovered,13983,0,209,4,75,374,7,128,8,0,3328,46,410,455,8,149,30,519,53,84,0,146,3661,26,1,6,12,168,11,93,229,0,2236,327,122,533,37,488,0
25-Jun-20,Deceased,401,0,7,0,0,1,0,0,0,0,64,0,18,10,1,2,0,6,0,0,0,8,192,0,0,0,0,0,0,7,4,0,45,5,0,15,1,15,0
26-Jun-20,Confirmed,18255,14,605,2,273,190,2,89,15,0,3460,44,580,421,25,213,31,445,150,5,0,203,5024,19,2,2,16,218,32,188,364,2,3645,985,35,750,34,542,-370
26-Jun-20,Recovered,10246,2,208,7,214,189,6,156,12,0,2326,35,532,636,20,113,42,246,65,109,0,185,2362,39,0,17,2,131,16,9,222,0,1358,78,36,464,64,345,0
26-Jun-20,Deceased,381,0,10,0,0,0,0,1,0,0,63,0,18,13,0,1,0,10,0,0,0,4,175,0,0,0,0,0,0,2,1,0,46,7,0,19,1,10,0
27-Jun-20,Confirmed,20142,0,796,3,246,302,3,65,15,0,2948,89,615,543,30,204,45,918,195,14,0,167,6368,17,0,3,16,170,85,99,284,0,3713,1087,9,606,66,521,-100
27-Jun-20,Recovered,14229,0,284,5,567,261,0,52,6,0,2210,50,379,456,7,145,77,371,102,87,0,167,4430,39,0,8,2,184,18,119,305,10,2737,162,16,632,87,254,0
27-Jun-20,Deceased,414,0,11,0,1,2,0,0,0,0,66,0,18,7,0,2,0,11,0,0,0,4,167,0,0,0,0,1,1,6,11,0,68,6,0,19,0,13,0
28-Jun-20,Confirmed,19610,11,813,5,327,244,3,84,4,0,2889,70,624,402,22,127,25,1267,118,3,0,221,5493,93,2,1,28,264,29,160,327,1,3940,983,12,598,32,572,-184
28-Jun-20,Recovered,11631,2,428,6,274,226,1,125,13,0,3306,58,391,445,17,91,69,220,42,32,0,113,2330,23,0,0,0,137,31,206,244,0,1443,244,8,593,109,404,0
28-Jun-20,Deceased,384,0,12,0,1,4,0,0,0,0,65,1,19,5,0,1,0,16,0,0,0,7,156,0,0,0,0,3,1,5,8,0,54,4,0,11,1,10,0
29-Jun-20,Confirmed,18339,7,793,5,302,394,3,101,15,0,2084,53,626,381,26,144,62,1105,122,1,0,184,5257,42,1,0,36,245,42,202,389,0,3949,975,34,681,8,624,-554
29-Jun-20,Recovered,13497,0,324,1,245,218,13,88,6,0,3628,46,440,585,38,269,56,176,79,30,0,115,2385,39,0,6,4,203,10,238,310,0,2212,410,6,698,93,526,0
29-Jun-20,Deceased,417,0,11,0,0,1,0,0,0,0,57,0,19,9,0,1,3,19,1,0,0,7,181,0,0,0,0,2,0,5,6,0,62,6,0,12,1,14,0
30-Jun-20,Confirmed,18256,7,704,4,613,370,6,63,10,0,2199,64,620,338,11,260,64,947,131,9,0,223,4878,7,2,9,8,206,24,150,348,0,3943,945,8,664,50,652,-281
30-Jun-20,Recovered,12565,0,279,1,314,170,15,100,7,0,2113,72,422,470,19,137,35,235,75,32,0,196,1951,59,0,61,0,243,10,103,299,1,2325,1712,0,578,120,411,0
30-Jun-20,Deceased,506,0,7,0,1,5,0,0,0,0,62,0,20,4,1,6,0,20,1,0,0,8,245,0,0,0,0,2,1,6,8,0,60,7,0,25,2,15,0
01-Jul-20,Confirmed,19429,3,657,4,548,216,6,82,16,0,2442,72,675,393,26,198,35,1272,151,17,0,268,5537,26,2,0,42,251,25,100,304,1,3882,1018,8,564,66,611,-89
01-Jul-20,Recovered,12064,5,477,4,184,267,3,53,27,0,1644,74,368,527,42,134,47,145,132,46,0,260,2243,26,0,1,14,164,29,122,354,2,2852,788,1,545,86,398,0
01-Jul-20,Deceased,438,0,6,0,0,5,0,1,0,0,61,1,21,4,0,4,0,7,1,0,0,9,198,0,0,0,0,1,0,5,8,0,63,7,0,21,0,15,0
02-Jul-20,Confirmed,21947,9,845,37,479,478,4,73,25,0,2373,95,681,568,35,154,60,1502,160,1,0,245,6328,19,3,2,34,229,63,116,350,12,4343,1213,39,769,37,649,-83
02-Jul-20,Recovered,19999,1,325,5,275,183,22,59,3,0,3015,64,563,520,15,118,57,271,202,35,0,160,8018,37,1,3,15,149,30,155,374,0,3095,987,53,592,88,509,0
02-Jul-20,Deceased,378,0,5,0,2,5,0,0,0,0,61,0,19,11,0,10,0,19,0,0,0,8,125,0,0,0,0,2,0,3,9,0,57,8,0,17,1,16,0
03-Jul-20,Confirmed,22718,7,837,20,365,426,4,52,50,0,2520,94,687,494,19,170,112,1694,211,11,0,191,6364,37,4,0,4,561,22,153,390,1,4329,1892,93,972,64,669,-801
03-Jul-20,Recovered,14417,3,319,4,221,217,4,52,21,0,2617,38,340,672,39,101,13,471,201,47,0,234,3515,23,0,1,31,203,53,122,333,0,2357,1126,53,376,76,534,0
03-Jul-20,Deceased,444,0,8,0,0,6,0,0,0,0,59,0,18,4,0,4,0,21,0,0,0,4,198,0,0,0,0,2,1,5,10,0,64,8,0,14,0,18,0
04-Jul-20,Confirmed,24018,3,765,7,1202,349,5,96,37,0,2505,108,712,545,13,227,42,1839,240,3,0,307,7074,9,8,2,24,495,80,172,480,1,4280,1850,25,757,45,743,-1032
04-Jul-20,Recovered,14746,12,376,1,416,277,2,112,9,0,2632,53,473,566,25,68,34,439,209,50,0,185,3395,28,0,3,0,229,21,40,359,0,2214,1342,3,557,21,595,0
04-Jul-20,Deceased,611,0,12,0,0,4,0,0,0,0,81,2,21,5,1,8,3,42,0,0,0,5,295,0,0,0,0,6,1,5,7,0,65,5,0,24,0,19,0
05-Jul-20,Confirmed,23942,6,998,10,735,403,7,46,32,0,2244,77,725,457,17,183,68,1925,225,0,0,326,6555,41,2,22,27,469,42,174,632,22,4150,1590,23,1153,31,895,-370
05-Jul-20,Recovered,15829,6,414,2,690,277,0,52,17,0,3083,111,486,687,28,112,10,603,126,0,0,177,3658,22,0,3,3,290,43,102,288,9,2186,1166,4,607,22,545,0
05-Jul-20,Deceased,421,0,14,0,0,2,0,0,0,0,63,1,18,5,0,5,1,37,0,0,0,10,151,0,0,0,0,3,0,2,9,0,60,7,0,12,0,21,0
06-Jul-20,Confirmed,22500,16,1322,1,786,280,21,98,27,0,1379,52,735,499,14,246,47,1843,193,0,0,354,5368,24,16,11,35,456,65,208,524,0,3827,1831,111,929,37,861,284
06-Jul-20,Recovered,15315,2,498,14,508,249,6,66,16,0,749,125,423,391,26,63,23,680,167,10,0,168,3522,45,0,0,12,262,32,86,350,4,3793,2078,13,348,62,524,0
06-Jul-20,Deceased,473,0,7,1,0,7,0,0,0,0,48,0,17,11,0,6,1,30,2,0,0,9,204,0,0,0,0,2,0,5,5,0,61,11,0,24,0,22,0
07-Jul-20,Confirmed,23147,6,1178,6,814,385,5,110,27,0,2008,90,778,495,6,256,164,1498,272,36,0,343,5134,40,6,1,19,571,32,258,716,2,3616,1879,24,1332,69,850,121
07-Jul-20,Recovered,16836,0,825,13,388,324,0,84,10,0,2129,95,421,310,27,81,36,571,111,24,0,189,3296,37,0,6,60,217,37,60,297,0,4545,1506,29,518,35,555,0
07-Jul-20,Deceased,479,0,13,0,2,1,1,0,1,0,50,1,17,3,0,5,2,15,0,0,0,5,224,0,0,0,0,6,0,6,11,0,65,7,0,18,1,25,0
08-Jul-20,Confirmed,25561,2,1062,11,696,749,15,111,15,0,2033,136,783,691,18,330,116,2062,301,6,0,409,6603,5,6,5,13,527,110,158,659,6,3756,1924,57,1188,28,986,-16
08-Jul-20,Recovered,19508,0,1356,4,397,203,1,107,11,0,3982,51,569,461,43,168,66,778,107,28,0,219,4634,22,2,4,1,303,67,274,291,6,3051,992,76,704,29,501,0
08-Jul-20,Deceased,492,0,12,0,6,2,0,0,0,0,48,0,16,3,0,6,0,54,0,0,0,7,198,0,1,0,0,7,0,3,10,0,64,11,0,18,3,23,0
09-Jul-20,Confirmed,25790,7,1555,15,568,704,16,140,14,0,2187,112,861,674,39,240,134,2228,339,8,0,305,6875,15,13,0,16,577,49,233,500,1,4231,1410,16,1206,47,1088,-633
09-Jul-20,Recovered,19408,9,1053,11,421,251,1,68,10,0,4027,66,429,399,13,128,40,957,149,27,0,245,4067,6,0,0,0,401,35,117,204,0,3994,913,14,796,22,535,0
09-Jul-20,Deceased,479,0,13,0,5,9,0,1,0,0,45,1,15,5,0,5,1,17,0,0,0,5,219,0,0,0,0,6,2,5,9,0,65,7,0,17,0,27,0
10-Jul-20,Confirmed,27762,0,1608,33,936,352,13,166,14,0,2089,100,875,570,31,387,250,2313,416,9,0,316,7862,132,73,23,59,755,72,217,611,0,3680,1278,142,1338,68,1198,-224
10-Jul-20,Recovered,20289,9,1040,0,701,459,5,125,19,0,2468,74,441,399,39,91,14,1003,112,2,0,249,5366,33,0,0,0,565,18,72,550,9,4163,1013,34,660,34,522,0
10-Jul-20,Deceased,520,0,15,0,8,2,0,2,0,0,42,0,14,3,0,5,0,57,0,0,0,4,226,0,0,0,0,6,1,4,6,0,64,8,0,27,0,26,0
11-Jul-20,Confirmed,27757,0,1813,6,535,709,13,65,14,0,1781,117,872,648,11,268,145,2798,488,13,0,544,8139,11,76,1,16,570,65,230,574,26,3965,1178,31,1392,44,1344,-745
11-Jul-20,Recovered,19981,0,1199,5,578,740,5,42,12,0,2998,81,502,490,23,109,32,880,143,11,0,198,4360,11,0,7,9,388,53,23,249,0,3591,1714,3,902,12,611,0
11-Jul-20,Deceased,543,0,17,0,2,7,1,0,0,0,34,3,10,7,0,10,1,70,2,0,0,6,223,0,0,0,0,6,1,8,6,0,69,9,1,24,0,26,0
12-Jul-20,Confirmed,29106,7,1933,19,735,1266,10,184,16,0,1573,85,879,658,31,357,97,2627,435,9,0,431,7827,16,33,4,26,595,81,234,644,4,4244,1269,105,1384,120,1560,-392
12-Jul-20,Recovered,18198,8,1019,13,468,962,4,83,31,0,2276,59,513,589,21,84,52,693,132,0,0,197,3340,53,0,0,14,390,49,352,234,1,3617,1563,46,645,68,622,0
12-Jul-20,Deceased,500,0,19,0,4,7,0,2,0,0,37,2,13,4,0,10,7,71,2,0,0,9,173,0,0,0,0,5,0,4,7,0,68,8,0,21,1,26,0
13-Jul-20,Confirmed,28178,3,1935,27,1001,1116,29,184,25,0,1246,130,902,689,30,314,203,2738,449,7,0,575,6497,17,21,2,71,616,50,357,544,2,4328,1550,26,1654,71,1435,-666
13-Jul-20,Recovered,17683,9,1052,7,522,411,6,49,42,0,1344,53,608,654,11,116,43,838,162,18,0,332,4182,74,1,1,13,505,46,194,527,6,3035,1197,54,869,70,632,0
13-Jul-20,Deceased,541,0,37,1,4,9,0,0,0,0,40,3,10,7,0,8,2,73,2,0,0,10,193,0,0,0,0,7,0,5,8,0,66,9,0,21,2,24,0
14-Jul-20,Confirmed,29917,5,1916,75,859,1432,12,114,16,0,1606,170,915,699,66,346,262,2496,608,35,0,798,6741,46,2,5,51,543,63,333,635,45,4526,1524,90,1594,78,1390,-179
14-Jul-20,Recovered,20977,20,1003,8,757,655,23,73,33,0,1924,67,749,453,11,128,77,1142,181,0,0,367,4500,50,0,8,6,609,44,77,539,-1,4743,1161,63,778,11,718,0
14-Jul-20,Deceased,587,0,43,0,6,9,2,1,0,0,35,1,14,4,0,8,3,87,1,0,0,10,213,0,0,0,0,5,0,9,6,0,67,10,0,28,1,24,0
15-Jul-20,Confirmed,32607,5,2432,29,1088,1320,19,177,17,0,1647,198,925,678,32,493,337,3176,623,14,0,638,7975,28,19,0,6,618,65,288,866,11,4496,1597,98,1659,99,1589,-655
15-Jul-20,Recovered,20646,1,911,0,715,514,13,49,28,0,2463,67,791,577,28,114,57,1076,196,18,0,333,3606,60,0,0,2,612,60,204,333,1,5000,1159,66,762,81,749,0
15-Jul-20,Deceased,614,0,44,0,2,14,1,0,1,0,41,0,10,7,0,11,2,87,1,0,0,9,233,0,0,0,0,5,3,8,6,0,68,11,1,29,0,20,0
16-Jul-20,Confirmed,35468,4,2593,52,892,1385,16,198,18,0,1652,157,919,696,36,490,221,4169,722,5,0,735,8641,64,40,34,14,494,147,295,737,13,4549,1676,98,2058,197,1690,-239
16-Jul-20,Recovered,22867,3,1015,0,666,568,17,127,21,0,1994,143,828,518,5,109,28,1263,228,6,0,219,5527,49,3,1,43,401,58,410,468,0,5106,1296,33,932,47,735,0
16-Jul-20,Deceased,680,0,40,0,2,10,0,1,0,0,58,1,10,3,0,16,4,104,2,0,0,7,266,0,0,0,0,2,1,9,8,0,69,10,0,34,0,23,0
17-Jul-20,Confirmed,34820,0,2602,66,1218,1742,25,249,32,0,1462,196,949,795,40,601,313,3693,791,4,0,704,8308,36,26,10,40,718,89,348,615,32,4538,1478,118,1722,120,1894,-754
17-Jul-20,Recovered,17476,0,905,22,551,896,4,61,22,0,1608,129,770,533,40,112,64,1028,132,3,0,387,2217,34,0,0,14,453,67,96,656,1,3391,1410,47,959,26,838,0
17-Jul-20,Deceased,676,0,42,0,1,6,0,3,0,0,26,2,17,5,0,9,4,115,1,1,0,9,258,0,0,0,0,6,3,9,8,0,79,7,0,38,1,26,0
18-Jul-20,Confirmed,37411,4,3963,41,1117,1667,31,243,45,0,1475,180,960,750,40,441,289,4537,593,8,0,681,8348,91,15,2,22,591,58,350,711,19,4807,1284,171,1873,174,2198,-368
18-Jul-20,Recovered,23583,3,1465,99,1060,774,5,146,22,0,1973,92,1062,600,19,607,79,1018,204,12,0,350,5306,19,0,7,27,607,48,81,518,2,3049,1902,51,1030,60,1286,0
18-Jul-20,Deceased,543,0,52,0,2,4,1,0,0,0,26,0,19,17,0,5,2,93,2,0,0,8,144,0,0,0,0,3,3,7,7,0,88,6,2,24,1,27,0
19-Jul-20,Confirmed,40235,15,5041,90,1018,1412,26,161,37,0,1211,173,965,617,64,701,167,4120,821,19,0,837,9518,20,32,0,10,736,109,308,934,10,4979,1296,223,2211,239,2278,-163
19-Jul-20,Recovered,22730,0,1127,8,858,826,3,117,14,0,1860,180,877,475,29,646,62,1290,172,18,0,447,3906,53,0,0,13,516,92,81,586,0,4059,1831,24,1181,35,1344,0
19-Jul-20,Deceased,675,0,56,0,4,2,0,0,0,0,31,1,20,5,0,8,1,91,2,0,0,15,258,0,2,0,0,7,0,8,6,0,78,6,0,38,0,36,0
20-Jul-20,Confirmed,36806,4,4074,50,1093,1076,20,191,21,0,954,196,998,694,110,751,225,3648,794,17,0,710,8240,14,19,13,33,673,93,410,956,22,4985,1198,202,1913,127,2282,0
20-Jul-20,Recovered,24303,6,1338,3,1072,938,30,169,15,0,1784,143,777,433,8,463,117,730,245,4,0,373,5460,85,3,1,39,457,111,583,465,2,3861,1885,86,986,96,1535,0
20-Jul-20,Deceased,596,0,54,0,1,8,0,4,0,0,35,1,20,6,0,10,4,72,1,0,0,17,176,0,0,0,0,6,1,8,9,0,70,7,2,46,3,35,0
21-Jul-20,Confirmed,39170,5,4944,68,1680,1109,14,133,28,0,1349,174,1026,604,33,608,418,3649,720,3,0,785,8336,90,21,0,9,647,87,379,983,25,4965,1430,252,2128,207,2261,0
21-Jul-20,Recovered,27589,8,1346,18,938,1206,0,170,10,0,1200,88,744,726,10,181,107,1664,274,3,0,573,7188,64,18,0,1,400,53,271,549,16,4894,2062,81,1024,85,1617,0
21-Jul-20,Deceased,671,0,62,0,6,11,0,1,0,0,27,3,34,9,1,9,8,61,1,0,0,18,246,0,0,0,0,8,1,1,9,0,75,7,1,37,0,35,0
22-Jul-20,Confirmed,45601,9,6045,91,972,1502,29,268,36,0,1227,149,1020,724,61,453,487,4764,1038,8,0,747,10576,45,24,20,54,1078,121,412,961,108,5849,1555,126,2300,451,2291,0
22-Jul-20,Recovered,31875,4,6553,11,1317,1135,8,116,15,0,1532,92,837,745,28,152,106,1780,272,8,0,579,5552,34,7,11,1,440,51,252,620,4,4913,1281,107,1645,52,1615,0
22-Jul-20,Deceased,1130,0,65,0,2,10,1,0,0,0,29,2,28,8,0,10,3,55,1,0,0,14,280,0,0,0,0,6,1,6,6,0,518,9,1,34,2,39,0
23-Jul-20,Confirmed,48443,19,7998,42,1047,1625,20,371,45,0,1041,174,1078,789,109,718,482,5030,1078,4,0,632,9895,55,20,9,90,1264,120,438,886,22,6472,1567,206,2516,145,2436,0
23-Jul-20,Recovered,33326,7,5428,20,1349,1083,5,157,23,0,1415,114,718,552,31,102,206,2071,432,7,0,523,6484,42,5,4,44,643,31,100,451,10,5210,1661,39,2303,50,2006,0
23-Jul-20,Deceased,755,0,61,0,4,4,0,5,0,0,26,1,28,6,0,9,3,97,5,0,0,10,298,0,0,0,0,6,3,8,11,0,88,9,1,35,3,34,0
24-Jul-20,Confirmed,48888,19,8147,65,1130,1820,23,449,44,0,1025,190,1068,780,120,353,400,5007,885,36,0,736,9615,31,53,6,65,1594,95,477,958,17,6785,1640,100,2667,272,2216,0
24-Jul-20,Recovered,32514,4,2380,58,1062,1873,4,180,18,0,1866,210,872,704,9,508,100,2037,968,10,0,507,5714,31,5,0,7,808,83,355,732,15,6504,1007,59,1909,42,1873,0
24-Jul-20,Deceased,763,0,49,0,6,9,0,2,0,0,32,0,26,4,1,14,9,110,4,0,0,11,278,0,1,0,1,8,1,5,8,0,88,8,1,50,2,35,0
25-Jul-20,Confirmed,50072,31,7813,70,1165,2803,29,363,37,0,1142,146,1081,783,95,523,277,5072,1103,30,0,716,9251,30,59,29,50,1320,139,468,1120,22,6988,1593,105,2971,244,2404,0
25-Jul-20,Recovered,37125,2,3320,36,1294,1688,20,116,13,0,2137,182,782,701,28,300,167,2403,1049,22,0,622,7227,29,7,0,4,728,78,201,759,5,7758,998,79,2191,54,2125,0
25-Jul-20,Deceased,703,0,52,0,1,11,0,3,0,0,29,4,22,7,0,9,7,72,5,1,0,8,257,0,0,0,3,10,3,9,11,0,89,8,0,39,1,42,0
26-Jul-20,Confirmed,48932,28,7627,32,1142,2605,35,431,49,0,1075,175,1110,794,127,615,508,5199,927,9,0,874,9431,59,56,0,50,1376,133,534,1132,46,6986,0,37,3246,143,2341,0
26-Jul-20,Recovered,31512,4,3046,77,985,1788,17,261,21,0,1807,230,753,730,25,411,183,2088,689,6,0,644,6044,1,41,10,8,864,84,513,648,5,5471,0,152,1738,71,2097,0
26-Jul-20,Deceased,704,0,56,0,2,17,0,4,0,0,21,2,21,3,1,7,0,82,2,1,0,12,267,0,0,0,0,11,2,15,11,1,85,0,2,39,0,40,0
27-Jul-20,Confirmed,46484,20,6051,81,1348,2192,23,367,36,0,613,258,1052,795,94,470,454,5324,702,21,0,789,7924,51,36,0,46,1503,85,551,1134,10,6993,1473,147,3505,224,2112,0
27-Jul-20,Recovered,34354,12,3257,69,1362,1536,3,228,32,0,1497,133,1015,662,18,474,101,1847,745,3,0,659,8706,38,51,0,20,581,75,254,880,27,5723,774,105,1192,109,2166,0
27-Jul-20,Deceased,642,1,49,0,7,6,1,2,0,0,26,1,22,5,0,9,7,75,2,0,0,9,227,0,0,0,1,7,3,12,9,0,77,8,4,30,3,39,0
28-Jul-20,Confirmed,49631,25,7948,91,1371,2480,24,306,44,0,1056,168,1108,749,60,489,760,5536,1167,21,0,628,7717,31,41,23,75,1215,139,609,1072,24,6972,1610,221,3458,259,2134,0
28-Jul-20,Recovered,35683,4,3064,43,1216,1376,24,267,51,0,1135,185,1032,712,18,483,179,2819,679,1,0,552,10333,56,8,5,8,687,62,688,483,12,4707,803,154,1687,45,2105,0
28-Jul-20,Deceased,774,0,58,0,2,14,0,1,0,0,28,0,24,9,0,12,4,102,4,0,0,10,282,0,0,0,-1,8,4,18,11,0,88,9,4,41,4,38,0
29-Jul-20,Confirmed,52479,65,10093,80,1348,2328,44,314,38,0,1035,202,1144,755,73,540,331,5503,903,20,0,917,9211,141,5,11,53,1068,166,568,1144,17,6426,1764,216,3383,279,2294,0
29-Jul-20,Recovered,32886,5,2784,60,1214,1284,12,197,19,0,1126,189,783,662,98,437,77,2397,641,13,0,591,7478,38,13,17,18,878,92,461,992,12,5927,842,57,1287,91,2094,0
29-Jul-20,Deceased,775,1,65,0,4,4,0,4,0,0,26,3,24,7,0,15,5,90,1,2,0,14,298,1,0,0,0,6,0,25,10,0,82,12,0,33,2,41,0
30-Jul-20,Confirmed,54968,42,10167,74,2112,2082,38,256,35,0,1093,215,1159,623,103,450,505,6128,506,31,0,834,11147,47,19,13,53,1203,121,510,1156,14,5864,1811,219,3705,199,2434,0
30-Jul-20,Recovered,37425,0,4618,150,1248,1169,36,285,17,0,1091,221,879,920,55,520,115,3793,794,14,0,723,8860,19,3,19,30,807,84,296,922,16,5295,821,284,996,185,2140,0
30-Jul-20,Deceased,784,1,68,0,2,12,0,1,0,0,29,3,22,4,0,17,4,83,2,1,0,13,266,3,0,0,0,10,1,9,13,0,100,13,0,57,4,46,0
31-Jul-20,Confirmed,57486,78,10376,107,1862,2986,35,336,46,0,1195,209,1153,711,58,490,915,5483,1310,26,0,838,10320,116,20,0,127,1499,174,663,1147,29,5881,1986,274,4422,118,2496,0
31-Jul-20,Recovered,36554,13,3840,91,1277,1977,20,309,41,0,1206,206,833,887,72,375,167,3094,864,1,0,614,7543,17,5,13,10,772,142,225,614,17,5778,816,365,2060,172,2118,0
31-Jul-20,Deceased,764,2,68,0,4,13,1,3,0,0,27,3,22,4,0,12,3,84,3,0,0,10,265,1,0,0,0,9,1,16,13,0,94,14,0,43,4,45,0
01-Aug-20,Confirmed,55117,88,9276,83,1457,3521,28,235,45,0,1118,280,1136,793,70,613,790,5172,1129,58,0,808,9601,135,33,5,138,1602,134,944,1160,11,5879,2083,252,3587,264,2589,0
01-Aug-20,Recovered,51368,12,12750,51,1085,1823,16,380,30,0,1201,227,875,853,43,654,170,3860,752,13,0,698,10725,10,37,6,5,756,98,341,823,38,7010,1114,136,2471,162,2143,0
01-Aug-20,Deceased,854,2,58,0,3,14,3,1,0,0,26,3,24,7,0,11,8,98,8,0,0,9,322,1,0,0,0,11,2,19,14,0,99,11,2,47,3,48,0
02-Aug-20,Confirmed,52672,98,8555,24,1178,2762,38,181,55,0,961,337,1101,761,69,444,455,5532,1169,4,0,921,9509,75,18,57,104,1434,200,790,1167,8,5875,1891,141,3873,146,2739,0
02-Aug-20,Recovered,40355,16,6272,27,942,1164,15,381,49,0,1186,230,805,610,57,256,169,4077,688,0,0,581,9926,38,12,5,8,681,111,391,548,20,5517,1088,142,2023,107,2213,0
02-Aug-20,Deceased,760,1,67,0,4,10,1,3,0,0,15,5,22,5,0,8,4,84,1,0,0,10,260,1,0,0,0,11,1,18,12,0,98,10,4,53,3,49,0
03-Aug-20,Confirmed,50488,96,7822,60,2371,2297,43,212,35,0,805,286,1009,654,115,590,941,4752,961,19,0,750,8968,89,28,26,194,1384,176,674,1145,30,5609,983,0,4441,207,2716,0
03-Aug-20,Recovered,43070,21,5786,67,1044,1871,8,265,62,0,937,208,974,780,99,905,112,4775,815,1,0,549,10221,29,0,8,9,1119,102,416,835,8,5800,1019,0,2036,101,2088,0
03-Aug-20,Deceased,806,2,63,0,4,14,0,3,0,0,17,3,22,7,0,11,7,98,2,0,0,14,266,0,0,0,0,12,4,19,13,0,109,11,0,48,4,53,0
04-Aug-20,Confirmed,51282,98,9747,32,2886,2464,46,382,43,0,674,259,1020,623,61,390,570,6259,1083,49,0,797,7760,98,15,6,276,1384,165,488,1124,95,5063,1286,131,2948,208,2752,0
04-Aug-20,Recovered,51220,14,6953,42,993,2252,9,357,54,0,972,238,898,756,52,824,405,6772,1021,18,0,1315,12326,48,66,16,2,1409,126,609,781,2,6501,1066,70,1878,309,2066,0
04-Aug-20,Deceased,849,2,67,0,6,13,1,8,0,0,12,4,25,8,0,10,4,110,3,0,0,12,300,0,0,0,0,10,2,20,13,0,108,12,1,39,5,54,0
05-Aug-20,Confirmed,56626,99,10128,65,2284,2701,64,295,45,0,1076,348,1073,752,37,559,978,5619,1195,58,0,652,10309,75,22,3,93,1337,286,841,1166,17,5175,2012,122,4078,246,2816,0
05-Aug-20,Recovered,45583,49,8729,105,1471,1610,0,258,41,0,890,173,1046,734,52,388,627,5407,1234,37,0,650,6165,48,9,4,26,1255,131,452,1017,4,6031,1139,50,3287,386,2078,0
05-Aug-20,Deceased,919,2,77,0,6,20,0,2,0,0,11,4,23,7,0,9,7,100,7,0,0,17,334,0,0,0,2,11,7,29,13,0,112,13,2,40,3,61,0
06-Aug-20,Confirmed,62170,96,10328,93,2372,3416,57,523,43,0,1299,191,1034,755,131,499,708,6805,1298,3,0,830,11514,124,51,33,82,1699,188,1035,1151,29,5684,2092,98,4586,369,2954,0
06-Aug-20,Recovered,50141,29,8516,35,1332,1450,62,217,36,0,1008,166,917,680,103,464,768,5602,800,13,0,838,10854,43,6,2,134,1150,140,716,1282,50,6272,1289,68,2844,194,2061,0
06-Aug-20,Deceased,899,2,72,0,5,19,0,6,0,0,15,2,27,3,0,10,9,93,3,0,0,17,316,1,0,0,0,11,5,26,12,0,110,13,1,61,4,56,0
07-Aug-20,Confirmed,61455,99,10171,101,2679,3646,47,388,44,0,1192,333,1074,751,103,473,726,6670,1251,19,0,734,10483,249,16,21,77,1833,241,1039,1161,25,5880,2207,128,4404,278,2912,0
07-Aug-20,Recovered,50387,70,7594,81,1585,2445,43,231,41,0,1108,142,1370,804,89,510,897,3951,814,17,0,719,10906,21,66,0,5,1810,106,381,1064,53,6488,1136,67,3432,304,2037,0
07-Aug-20,Deceased,937,3,89,0,6,12,3,10,0,0,23,4,22,9,0,13,6,101,5,2,0,16,300,2,0,0,1,12,5,22,10,0,119,12,5,63,10,52,0
08-Aug-20,Confirmed,65156,129,10080,68,2218,3992,52,447,51,0,1404,259,1101,789,114,463,986,7178,1420,25,0,859,12822,169,17,8,31,1643,261,998,1171,6,5883,2256,146,4660,501,2949,0
08-Aug-20,Recovered,52135,75,9151,104,1782,2408,52,263,51,0,1130,207,1135,587,127,449,834,5006,1715,20,0,732,11081,1,12,8,69,1544,140,820,968,11,5043,1091,224,2999,232,2064,0
08-Aug-20,Deceased,875,1,97,0,8,19,1,3,0,0,16,2,23,7,0,10,9,93,4,0,0,15,275,1,1,0,0,15,5,23,11,0,118,14,1,47,5,51,0
09-Aug-20,Confirmed,62117,139,10820,38,1123,3934,89,293,45,0,1300,506,1078,792,107,507,688,5985,1211,49,0,868,12248,118,39,41,93,1734,259,975,1169,6,5994,1982,147,4571,230,2939,0
09-Aug-20,Recovered,54474,148,9097,52,1734,2642,32,227,28,0,1225,193,1311,750,100,336,673,4670,970,8,0,667,13348,117,67,2,11,1543,147,459,1072,80,6020,1669,92,2817,171,1996,0
09-Aug-20,Deceased,1013,0,97,0,5,10,1,6,0,0,13,3,25,9,1,13,17,107,2,0,0,19,390,0,0,0,1,14,7,24,11,0,119,12,4,41,8,54,0
10-Aug-20,Confirmed,53016,135,7665,76,2900,3021,80,477,62,0,707,317,1056,794,92,470,630,4267,1184,29,0,866,9181,100,53,12,230,1528,242,986,1173,44,5914,1256,62,4113,389,2905,0
10-Aug-20,Recovered,47362,61,6924,110,1261,2824,100,208,50,0,1070,213,1138,711,24,372,750,5218,784,15,0,654,6711,78,8,25,69,1236,154,416,825,13,6037,1587,267,4074,167,3208,0
10-Aug-20,Deceased,887,0,80,0,6,21,0,3,0,0,20,5,20,6,2,6,12,114,7,0,0,19,293,0,0,0,0,16,2,18,11,0,114,10,1,51,9,41,0
11-Aug-20,Confirmed,61252,139,9024,96,2669,4071,75,360,39,0,1257,415,1118,798,34,564,683,6257,1417,53,0,843,11088,88,27,3,20,1341,276,1000,1217,3,5834,1896,164,5041,411,2931,0
11-Aug-20,Recovered,56461,40,9113,42,1487,2900,11,222,41,0,727,272,1140,590,68,604,807,6473,1426,18,0,922,10014,33,12,0,12,1785,177,1055,1339,24,6005,1788,213,3865,169,3067,0
11-Aug-20,Deceased,835,1,87,0,4,15,1,5,0,0,8,6,23,11,1,12,5,86,5,0,0,18,256,1,0,0,-1,12,2,32,11,0,118,8,1,56,2,49,0